<?xml version="1.0" encoding="UTF-8"?>
<spirit:component xmlns:xilinx="http://www.xilinx.com" xmlns:spirit="http://www.spiritconsortium.org/XMLSchema/SPIRIT/1685-2009" xmlns:xsi="http://www.w3.org/2001/XMLSchema-instance">
  <spirit:vendor>jhu.edu</spirit:vendor>
  <spirit:library>user</spirit:library>
  <spirit:name>full_radio</spirit:name>
  <spirit:version>1.0</spirit:version>
  <spirit:busInterfaces>
    <spirit:busInterface>
      <spirit:name>S00_AXI</spirit:name>
      <spirit:busType spirit:vendor="xilinx.com" spirit:library="interface" spirit:name="aximm" spirit:version="1.0"/>
      <spirit:abstractionType spirit:vendor="xilinx.com" spirit:library="interface" spirit:name="aximm_rtl" spirit:version="1.0"/>
      <spirit:slave>
        <spirit:memoryMapRef spirit:memoryMapRef="S00_AXI"/>
      </spirit:slave>
      <spirit:portMaps>
        <spirit:portMap>
          <spirit:logicalPort>
            <spirit:name>AWADDR</spirit:name>
          </spirit:logicalPort>
          <spirit:physicalPort>
            <spirit:name>s00_axi_awaddr</spirit:name>
          </spirit:physicalPort>
        </spirit:portMap>
        <spirit:portMap>
          <spirit:logicalPort>
            <spirit:name>AWPROT</spirit:name>
          </spirit:logicalPort>
          <spirit:physicalPort>
            <spirit:name>s00_axi_awprot</spirit:name>
          </spirit:physicalPort>
        </spirit:portMap>
        <spirit:portMap>
          <spirit:logicalPort>
            <spirit:name>AWVALID</spirit:name>
          </spirit:logicalPort>
          <spirit:physicalPort>
            <spirit:name>s00_axi_awvalid</spirit:name>
          </spirit:physicalPort>
        </spirit:portMap>
        <spirit:portMap>
          <spirit:logicalPort>
            <spirit:name>AWREADY</spirit:name>
          </spirit:logicalPort>
          <spirit:physicalPort>
            <spirit:name>s00_axi_awready</spirit:name>
          </spirit:physicalPort>
        </spirit:portMap>
        <spirit:portMap>
          <spirit:logicalPort>
            <spirit:name>WDATA</spirit:name>
          </spirit:logicalPort>
          <spirit:physicalPort>
            <spirit:name>s00_axi_wdata</spirit:name>
          </spirit:physicalPort>
        </spirit:portMap>
        <spirit:portMap>
          <spirit:logicalPort>
            <spirit:name>WSTRB</spirit:name>
          </spirit:logicalPort>
          <spirit:physicalPort>
            <spirit:name>s00_axi_wstrb</spirit:name>
          </spirit:physicalPort>
        </spirit:portMap>
        <spirit:portMap>
          <spirit:logicalPort>
            <spirit:name>WVALID</spirit:name>
          </spirit:logicalPort>
          <spirit:physicalPort>
            <spirit:name>s00_axi_wvalid</spirit:name>
          </spirit:physicalPort>
        </spirit:portMap>
        <spirit:portMap>
          <spirit:logicalPort>
            <spirit:name>WREADY</spirit:name>
          </spirit:logicalPort>
          <spirit:physicalPort>
            <spirit:name>s00_axi_wready</spirit:name>
          </spirit:physicalPort>
        </spirit:portMap>
        <spirit:portMap>
          <spirit:logicalPort>
            <spirit:name>BRESP</spirit:name>
          </spirit:logicalPort>
          <spirit:physicalPort>
            <spirit:name>s00_axi_bresp</spirit:name>
          </spirit:physicalPort>
        </spirit:portMap>
        <spirit:portMap>
          <spirit:logicalPort>
            <spirit:name>BVALID</spirit:name>
          </spirit:logicalPort>
          <spirit:physicalPort>
            <spirit:name>s00_axi_bvalid</spirit:name>
          </spirit:physicalPort>
        </spirit:portMap>
        <spirit:portMap>
          <spirit:logicalPort>
            <spirit:name>BREADY</spirit:name>
          </spirit:logicalPort>
          <spirit:physicalPort>
            <spirit:name>s00_axi_bready</spirit:name>
          </spirit:physicalPort>
        </spirit:portMap>
        <spirit:portMap>
          <spirit:logicalPort>
            <spirit:name>ARADDR</spirit:name>
          </spirit:logicalPort>
          <spirit:physicalPort>
            <spirit:name>s00_axi_araddr</spirit:name>
          </spirit:physicalPort>
        </spirit:portMap>
        <spirit:portMap>
          <spirit:logicalPort>
            <spirit:name>ARPROT</spirit:name>
          </spirit:logicalPort>
          <spirit:physicalPort>
            <spirit:name>s00_axi_arprot</spirit:name>
          </spirit:physicalPort>
        </spirit:portMap>
        <spirit:portMap>
          <spirit:logicalPort>
            <spirit:name>ARVALID</spirit:name>
          </spirit:logicalPort>
          <spirit:physicalPort>
            <spirit:name>s00_axi_arvalid</spirit:name>
          </spirit:physicalPort>
        </spirit:portMap>
        <spirit:portMap>
          <spirit:logicalPort>
            <spirit:name>ARREADY</spirit:name>
          </spirit:logicalPort>
          <spirit:physicalPort>
            <spirit:name>s00_axi_arready</spirit:name>
          </spirit:physicalPort>
        </spirit:portMap>
        <spirit:portMap>
          <spirit:logicalPort>
            <spirit:name>RDATA</spirit:name>
          </spirit:logicalPort>
          <spirit:physicalPort>
            <spirit:name>s00_axi_rdata</spirit:name>
          </spirit:physicalPort>
        </spirit:portMap>
        <spirit:portMap>
          <spirit:logicalPort>
            <spirit:name>RRESP</spirit:name>
          </spirit:logicalPort>
          <spirit:physicalPort>
            <spirit:name>s00_axi_rresp</spirit:name>
          </spirit:physicalPort>
        </spirit:portMap>
        <spirit:portMap>
          <spirit:logicalPort>
            <spirit:name>RVALID</spirit:name>
          </spirit:logicalPort>
          <spirit:physicalPort>
            <spirit:name>s00_axi_rvalid</spirit:name>
          </spirit:physicalPort>
        </spirit:portMap>
        <spirit:portMap>
          <spirit:logicalPort>
            <spirit:name>RREADY</spirit:name>
          </spirit:logicalPort>
          <spirit:physicalPort>
            <spirit:name>s00_axi_rready</spirit:name>
          </spirit:physicalPort>
        </spirit:portMap>
      </spirit:portMaps>
      <spirit:parameters>
        <spirit:parameter>
          <spirit:name>WIZ_DATA_WIDTH</spirit:name>
          <spirit:value spirit:format="long" spirit:id="BUSIFPARAM_VALUE.S00_AXI.WIZ_DATA_WIDTH" spirit:choiceRef="choice_list_6fc15197">32</spirit:value>
        </spirit:parameter>
        <spirit:parameter>
          <spirit:name>WIZ_NUM_REG</spirit:name>
          <spirit:value spirit:format="long" spirit:id="BUSIFPARAM_VALUE.S00_AXI.WIZ_NUM_REG" spirit:minimum="4" spirit:maximum="512" spirit:rangeType="long">4</spirit:value>
        </spirit:parameter>
        <spirit:parameter>
          <spirit:name>SUPPORTS_NARROW_BURST</spirit:name>
          <spirit:value spirit:format="long" spirit:id="BUSIFPARAM_VALUE.S00_AXI.SUPPORTS_NARROW_BURST" spirit:choiceRef="choice_pairs_ce1226b1">0</spirit:value>
        </spirit:parameter>
      </spirit:parameters>
    </spirit:busInterface>
    <spirit:busInterface>
      <spirit:name>S00_AXI_RST</spirit:name>
      <spirit:busType spirit:vendor="xilinx.com" spirit:library="signal" spirit:name="reset" spirit:version="1.0"/>
      <spirit:abstractionType spirit:vendor="xilinx.com" spirit:library="signal" spirit:name="reset_rtl" spirit:version="1.0"/>
      <spirit:slave/>
      <spirit:portMaps>
        <spirit:portMap>
          <spirit:logicalPort>
            <spirit:name>RST</spirit:name>
          </spirit:logicalPort>
          <spirit:physicalPort>
            <spirit:name>s00_axi_aresetn</spirit:name>
          </spirit:physicalPort>
        </spirit:portMap>
      </spirit:portMaps>
      <spirit:parameters>
        <spirit:parameter>
          <spirit:name>POLARITY</spirit:name>
          <spirit:value spirit:id="BUSIFPARAM_VALUE.S00_AXI_RST.POLARITY" spirit:choiceRef="choice_list_9d8b0d81">ACTIVE_LOW</spirit:value>
        </spirit:parameter>
      </spirit:parameters>
    </spirit:busInterface>
    <spirit:busInterface>
      <spirit:name>m_axis</spirit:name>
      <spirit:busType spirit:vendor="xilinx.com" spirit:library="interface" spirit:name="axis" spirit:version="1.0"/>
      <spirit:abstractionType spirit:vendor="xilinx.com" spirit:library="interface" spirit:name="axis_rtl" spirit:version="1.0"/>
      <spirit:master/>
      <spirit:portMaps>
        <spirit:portMap>
          <spirit:logicalPort>
            <spirit:name>TDATA</spirit:name>
          </spirit:logicalPort>
          <spirit:physicalPort>
            <spirit:name>m_axis_tdata</spirit:name>
          </spirit:physicalPort>
        </spirit:portMap>
        <spirit:portMap>
          <spirit:logicalPort>
            <spirit:name>TVALID</spirit:name>
          </spirit:logicalPort>
          <spirit:physicalPort>
            <spirit:name>m_axis_tvalid</spirit:name>
          </spirit:physicalPort>
        </spirit:portMap>
      </spirit:portMaps>
    </spirit:busInterface>
    <spirit:busInterface>
      <spirit:name>s00_axi_aclk</spirit:name>
      <spirit:busType spirit:vendor="xilinx.com" spirit:library="signal" spirit:name="clock" spirit:version="1.0"/>
      <spirit:abstractionType spirit:vendor="xilinx.com" spirit:library="signal" spirit:name="clock_rtl" spirit:version="1.0"/>
      <spirit:slave/>
      <spirit:portMaps>
        <spirit:portMap>
          <spirit:logicalPort>
            <spirit:name>CLK</spirit:name>
          </spirit:logicalPort>
          <spirit:physicalPort>
            <spirit:name>s00_axi_aclk</spirit:name>
          </spirit:physicalPort>
        </spirit:portMap>
      </spirit:portMaps>
      <spirit:parameters>
        <spirit:parameter>
          <spirit:name>ASSOCIATED_BUSIF</spirit:name>
          <spirit:value spirit:id="BUSIFPARAM_VALUE.S00_AXI_ACLK.ASSOCIATED_BUSIF">S00_AXI:m_axis</spirit:value>
        </spirit:parameter>
        <spirit:parameter>
          <spirit:name>FREQ_TOLERANCE_HZ</spirit:name>
          <spirit:value spirit:id="BUSIFPARAM_VALUE.S00_AXI_ACLK.FREQ_TOLERANCE_HZ">-1</spirit:value>
        </spirit:parameter>
      </spirit:parameters>
    </spirit:busInterface>
  </spirit:busInterfaces>
  <spirit:memoryMaps>
    <spirit:memoryMap>
      <spirit:name>S00_AXI</spirit:name>
      <spirit:addressBlock>
        <spirit:name>S00_AXI_reg</spirit:name>
        <spirit:baseAddress spirit:format="long" spirit:resolve="user">0</spirit:baseAddress>
        <spirit:range spirit:format="long">4096</spirit:range>
        <spirit:width spirit:format="long">32</spirit:width>
        <spirit:usage>register</spirit:usage>
        <spirit:parameters>
          <spirit:parameter>
            <spirit:name>OFFSET_BASE_PARAM</spirit:name>
            <spirit:value spirit:id="ADDRBLOCKPARAM_VALUE.S00_AXI.S00_AXI_REG.OFFSET_BASE_PARAM">C_S00_AXI_BASEADDR</spirit:value>
          </spirit:parameter>
          <spirit:parameter>
            <spirit:name>OFFSET_HIGH_PARAM</spirit:name>
            <spirit:value spirit:id="ADDRBLOCKPARAM_VALUE.S00_AXI.S00_AXI_REG.OFFSET_HIGH_PARAM">C_S00_AXI_HIGHADDR</spirit:value>
          </spirit:parameter>
        </spirit:parameters>
      </spirit:addressBlock>
    </spirit:memoryMap>
  </spirit:memoryMaps>
  <spirit:model>
    <spirit:views>
      <spirit:view>
        <spirit:name>xilinx_vhdlsynthesis</spirit:name>
        <spirit:displayName>VHDL Synthesis</spirit:displayName>
        <spirit:envIdentifier>vhdlSource:vivado.xilinx.com:synthesis</spirit:envIdentifier>
        <spirit:language>vhdl</spirit:language>
        <spirit:modelName>full_radio_v1_0</spirit:modelName>
        <spirit:fileSetRef>
          <spirit:localName>xilinx_vhdlsynthesis_xilinx_com_ip_dds_compiler_6_0__ref_view_fileset</spirit:localName>
        </spirit:fileSetRef>
        <spirit:fileSetRef>
          <spirit:localName>xilinx_vhdlsynthesis_xilinx_com_ip_fir_compiler_7_2__ref_view_fileset</spirit:localName>
        </spirit:fileSetRef>
        <spirit:fileSetRef>
          <spirit:localName>xilinx_vhdlsynthesis_view_fileset</spirit:localName>
        </spirit:fileSetRef>
        <spirit:parameters>
          <spirit:parameter>
            <spirit:name>viewChecksum</spirit:name>
            <spirit:value>b6b42f30</spirit:value>
          </spirit:parameter>
        </spirit:parameters>
      </spirit:view>
      <spirit:view>
        <spirit:name>xilinx_vhdlbehavioralsimulation</spirit:name>
        <spirit:displayName>VHDL Simulation</spirit:displayName>
        <spirit:envIdentifier>vhdlSource:vivado.xilinx.com:simulation</spirit:envIdentifier>
        <spirit:language>vhdl</spirit:language>
        <spirit:modelName>full_radio_v1_0</spirit:modelName>
        <spirit:fileSetRef>
          <spirit:localName>xilinx_vhdlbehavioralsimulation_xilinx_com_ip_dds_compiler_6_0__ref_view_fileset</spirit:localName>
        </spirit:fileSetRef>
        <spirit:fileSetRef>
          <spirit:localName>xilinx_vhdlbehavioralsimulation_xilinx_com_ip_fir_compiler_7_2__ref_view_fileset</spirit:localName>
        </spirit:fileSetRef>
        <spirit:fileSetRef>
          <spirit:localName>xilinx_vhdlbehavioralsimulation_view_fileset</spirit:localName>
        </spirit:fileSetRef>
        <spirit:parameters>
          <spirit:parameter>
            <spirit:name>viewChecksum</spirit:name>
            <spirit:value>b6b42f30</spirit:value>
          </spirit:parameter>
        </spirit:parameters>
      </spirit:view>
      <spirit:view>
        <spirit:name>xilinx_softwaredriver</spirit:name>
        <spirit:displayName>Software Driver</spirit:displayName>
        <spirit:envIdentifier>:vivado.xilinx.com:sw.driver</spirit:envIdentifier>
        <spirit:fileSetRef>
          <spirit:localName>xilinx_softwaredriver_view_fileset</spirit:localName>
        </spirit:fileSetRef>
        <spirit:parameters>
          <spirit:parameter>
            <spirit:name>viewChecksum</spirit:name>
            <spirit:value>b7cb336b</spirit:value>
          </spirit:parameter>
        </spirit:parameters>
      </spirit:view>
      <spirit:view>
        <spirit:name>xilinx_xpgui</spirit:name>
        <spirit:displayName>UI Layout</spirit:displayName>
        <spirit:envIdentifier>:vivado.xilinx.com:xgui.ui</spirit:envIdentifier>
        <spirit:fileSetRef>
          <spirit:localName>xilinx_xpgui_view_fileset</spirit:localName>
        </spirit:fileSetRef>
        <spirit:parameters>
          <spirit:parameter>
            <spirit:name>viewChecksum</spirit:name>
            <spirit:value>0e5443b4</spirit:value>
          </spirit:parameter>
        </spirit:parameters>
      </spirit:view>
      <spirit:view>
        <spirit:name>bd_tcl</spirit:name>
        <spirit:displayName>Block Diagram</spirit:displayName>
        <spirit:envIdentifier>:vivado.xilinx.com:block.diagram</spirit:envIdentifier>
        <spirit:fileSetRef>
          <spirit:localName>bd_tcl_view_fileset</spirit:localName>
        </spirit:fileSetRef>
        <spirit:parameters>
          <spirit:parameter>
            <spirit:name>viewChecksum</spirit:name>
            <spirit:value>45a2f450</spirit:value>
          </spirit:parameter>
        </spirit:parameters>
      </spirit:view>
    </spirit:views>
    <spirit:ports>
      <spirit:port>
        <spirit:name>m_axis_tvalid</spirit:name>
        <spirit:wire>
          <spirit:direction>out</spirit:direction>
          <spirit:wireTypeDefs>
            <spirit:wireTypeDef>
              <spirit:typeName>std_logic</spirit:typeName>
              <spirit:viewNameRef>xilinx_vhdlsynthesis</spirit:viewNameRef>
              <spirit:viewNameRef>xilinx_vhdlbehavioralsimulation</spirit:viewNameRef>
            </spirit:wireTypeDef>
          </spirit:wireTypeDefs>
        </spirit:wire>
      </spirit:port>
      <spirit:port>
        <spirit:name>m_axis_tdata</spirit:name>
        <spirit:wire>
          <spirit:direction>out</spirit:direction>
          <spirit:vector>
            <spirit:left spirit:format="long">31</spirit:left>
            <spirit:right spirit:format="long">0</spirit:right>
          </spirit:vector>
          <spirit:wireTypeDefs>
            <spirit:wireTypeDef>
              <spirit:typeName>std_logic_vector</spirit:typeName>
              <spirit:viewNameRef>xilinx_vhdlsynthesis</spirit:viewNameRef>
              <spirit:viewNameRef>xilinx_vhdlbehavioralsimulation</spirit:viewNameRef>
            </spirit:wireTypeDef>
          </spirit:wireTypeDefs>
        </spirit:wire>
      </spirit:port>
      <spirit:port>
        <spirit:name>s00_axi_aclk</spirit:name>
        <spirit:wire>
          <spirit:direction>in</spirit:direction>
          <spirit:wireTypeDefs>
            <spirit:wireTypeDef>
              <spirit:typeName>std_logic</spirit:typeName>
              <spirit:viewNameRef>xilinx_vhdlsynthesis</spirit:viewNameRef>
              <spirit:viewNameRef>xilinx_vhdlbehavioralsimulation</spirit:viewNameRef>
            </spirit:wireTypeDef>
          </spirit:wireTypeDefs>
        </spirit:wire>
      </spirit:port>
      <spirit:port>
        <spirit:name>s00_axi_aresetn</spirit:name>
        <spirit:wire>
          <spirit:direction>in</spirit:direction>
          <spirit:wireTypeDefs>
            <spirit:wireTypeDef>
              <spirit:typeName>std_logic</spirit:typeName>
              <spirit:viewNameRef>xilinx_vhdlsynthesis</spirit:viewNameRef>
              <spirit:viewNameRef>xilinx_vhdlbehavioralsimulation</spirit:viewNameRef>
            </spirit:wireTypeDef>
          </spirit:wireTypeDefs>
        </spirit:wire>
      </spirit:port>
      <spirit:port>
        <spirit:name>s00_axi_awaddr</spirit:name>
        <spirit:wire>
          <spirit:direction>in</spirit:direction>
          <spirit:vector>
            <spirit:left spirit:format="long" spirit:resolve="dependent" spirit:dependency="(spirit:decode(id(&apos;MODELPARAM_VALUE.C_S00_AXI_ADDR_WIDTH&apos;)) - 1)">3</spirit:left>
            <spirit:right spirit:format="long">0</spirit:right>
          </spirit:vector>
          <spirit:wireTypeDefs>
            <spirit:wireTypeDef>
              <spirit:typeName>std_logic_vector</spirit:typeName>
              <spirit:viewNameRef>xilinx_vhdlsynthesis</spirit:viewNameRef>
              <spirit:viewNameRef>xilinx_vhdlbehavioralsimulation</spirit:viewNameRef>
            </spirit:wireTypeDef>
          </spirit:wireTypeDefs>
        </spirit:wire>
      </spirit:port>
      <spirit:port>
        <spirit:name>s00_axi_awprot</spirit:name>
        <spirit:wire>
          <spirit:direction>in</spirit:direction>
          <spirit:vector>
            <spirit:left spirit:format="long">2</spirit:left>
            <spirit:right spirit:format="long">0</spirit:right>
          </spirit:vector>
          <spirit:wireTypeDefs>
            <spirit:wireTypeDef>
              <spirit:typeName>std_logic_vector</spirit:typeName>
              <spirit:viewNameRef>xilinx_vhdlsynthesis</spirit:viewNameRef>
              <spirit:viewNameRef>xilinx_vhdlbehavioralsimulation</spirit:viewNameRef>
            </spirit:wireTypeDef>
          </spirit:wireTypeDefs>
        </spirit:wire>
      </spirit:port>
      <spirit:port>
        <spirit:name>s00_axi_awvalid</spirit:name>
        <spirit:wire>
          <spirit:direction>in</spirit:direction>
          <spirit:wireTypeDefs>
            <spirit:wireTypeDef>
              <spirit:typeName>std_logic</spirit:typeName>
              <spirit:viewNameRef>xilinx_vhdlsynthesis</spirit:viewNameRef>
              <spirit:viewNameRef>xilinx_vhdlbehavioralsimulation</spirit:viewNameRef>
            </spirit:wireTypeDef>
          </spirit:wireTypeDefs>
        </spirit:wire>
      </spirit:port>
      <spirit:port>
        <spirit:name>s00_axi_awready</spirit:name>
        <spirit:wire>
          <spirit:direction>out</spirit:direction>
          <spirit:wireTypeDefs>
            <spirit:wireTypeDef>
              <spirit:typeName>std_logic</spirit:typeName>
              <spirit:viewNameRef>xilinx_vhdlsynthesis</spirit:viewNameRef>
              <spirit:viewNameRef>xilinx_vhdlbehavioralsimulation</spirit:viewNameRef>
            </spirit:wireTypeDef>
          </spirit:wireTypeDefs>
        </spirit:wire>
      </spirit:port>
      <spirit:port>
        <spirit:name>s00_axi_wdata</spirit:name>
        <spirit:wire>
          <spirit:direction>in</spirit:direction>
          <spirit:vector>
            <spirit:left spirit:format="long" spirit:resolve="dependent" spirit:dependency="(spirit:decode(id(&apos;MODELPARAM_VALUE.C_S00_AXI_DATA_WIDTH&apos;)) - 1)">31</spirit:left>
            <spirit:right spirit:format="long">0</spirit:right>
          </spirit:vector>
          <spirit:wireTypeDefs>
            <spirit:wireTypeDef>
              <spirit:typeName>std_logic_vector</spirit:typeName>
              <spirit:viewNameRef>xilinx_vhdlsynthesis</spirit:viewNameRef>
              <spirit:viewNameRef>xilinx_vhdlbehavioralsimulation</spirit:viewNameRef>
            </spirit:wireTypeDef>
          </spirit:wireTypeDefs>
        </spirit:wire>
      </spirit:port>
      <spirit:port>
        <spirit:name>s00_axi_wstrb</spirit:name>
        <spirit:wire>
          <spirit:direction>in</spirit:direction>
          <spirit:vector>
            <spirit:left spirit:format="long" spirit:resolve="dependent" spirit:dependency="((spirit:decode(id(&apos;MODELPARAM_VALUE.C_S00_AXI_DATA_WIDTH&apos;)) / 8) - 1)">3</spirit:left>
            <spirit:right spirit:format="long">0</spirit:right>
          </spirit:vector>
          <spirit:wireTypeDefs>
            <spirit:wireTypeDef>
              <spirit:typeName>std_logic_vector</spirit:typeName>
              <spirit:viewNameRef>xilinx_vhdlsynthesis</spirit:viewNameRef>
              <spirit:viewNameRef>xilinx_vhdlbehavioralsimulation</spirit:viewNameRef>
            </spirit:wireTypeDef>
          </spirit:wireTypeDefs>
        </spirit:wire>
      </spirit:port>
      <spirit:port>
        <spirit:name>s00_axi_wvalid</spirit:name>
        <spirit:wire>
          <spirit:direction>in</spirit:direction>
          <spirit:wireTypeDefs>
            <spirit:wireTypeDef>
              <spirit:typeName>std_logic</spirit:typeName>
              <spirit:viewNameRef>xilinx_vhdlsynthesis</spirit:viewNameRef>
              <spirit:viewNameRef>xilinx_vhdlbehavioralsimulation</spirit:viewNameRef>
            </spirit:wireTypeDef>
          </spirit:wireTypeDefs>
        </spirit:wire>
      </spirit:port>
      <spirit:port>
        <spirit:name>s00_axi_wready</spirit:name>
        <spirit:wire>
          <spirit:direction>out</spirit:direction>
          <spirit:wireTypeDefs>
            <spirit:wireTypeDef>
              <spirit:typeName>std_logic</spirit:typeName>
              <spirit:viewNameRef>xilinx_vhdlsynthesis</spirit:viewNameRef>
              <spirit:viewNameRef>xilinx_vhdlbehavioralsimulation</spirit:viewNameRef>
            </spirit:wireTypeDef>
          </spirit:wireTypeDefs>
        </spirit:wire>
      </spirit:port>
      <spirit:port>
        <spirit:name>s00_axi_bresp</spirit:name>
        <spirit:wire>
          <spirit:direction>out</spirit:direction>
          <spirit:vector>
            <spirit:left spirit:format="long">1</spirit:left>
            <spirit:right spirit:format="long">0</spirit:right>
          </spirit:vector>
          <spirit:wireTypeDefs>
            <spirit:wireTypeDef>
              <spirit:typeName>std_logic_vector</spirit:typeName>
              <spirit:viewNameRef>xilinx_vhdlsynthesis</spirit:viewNameRef>
              <spirit:viewNameRef>xilinx_vhdlbehavioralsimulation</spirit:viewNameRef>
            </spirit:wireTypeDef>
          </spirit:wireTypeDefs>
        </spirit:wire>
      </spirit:port>
      <spirit:port>
        <spirit:name>s00_axi_bvalid</spirit:name>
        <spirit:wire>
          <spirit:direction>out</spirit:direction>
          <spirit:wireTypeDefs>
            <spirit:wireTypeDef>
              <spirit:typeName>std_logic</spirit:typeName>
              <spirit:viewNameRef>xilinx_vhdlsynthesis</spirit:viewNameRef>
              <spirit:viewNameRef>xilinx_vhdlbehavioralsimulation</spirit:viewNameRef>
            </spirit:wireTypeDef>
          </spirit:wireTypeDefs>
        </spirit:wire>
      </spirit:port>
      <spirit:port>
        <spirit:name>s00_axi_bready</spirit:name>
        <spirit:wire>
          <spirit:direction>in</spirit:direction>
          <spirit:wireTypeDefs>
            <spirit:wireTypeDef>
              <spirit:typeName>std_logic</spirit:typeName>
              <spirit:viewNameRef>xilinx_vhdlsynthesis</spirit:viewNameRef>
              <spirit:viewNameRef>xilinx_vhdlbehavioralsimulation</spirit:viewNameRef>
            </spirit:wireTypeDef>
          </spirit:wireTypeDefs>
        </spirit:wire>
      </spirit:port>
      <spirit:port>
        <spirit:name>s00_axi_araddr</spirit:name>
        <spirit:wire>
          <spirit:direction>in</spirit:direction>
          <spirit:vector>
            <spirit:left spirit:format="long" spirit:resolve="dependent" spirit:dependency="(spirit:decode(id(&apos;MODELPARAM_VALUE.C_S00_AXI_ADDR_WIDTH&apos;)) - 1)">3</spirit:left>
            <spirit:right spirit:format="long">0</spirit:right>
          </spirit:vector>
          <spirit:wireTypeDefs>
            <spirit:wireTypeDef>
              <spirit:typeName>std_logic_vector</spirit:typeName>
              <spirit:viewNameRef>xilinx_vhdlsynthesis</spirit:viewNameRef>
              <spirit:viewNameRef>xilinx_vhdlbehavioralsimulation</spirit:viewNameRef>
            </spirit:wireTypeDef>
          </spirit:wireTypeDefs>
        </spirit:wire>
      </spirit:port>
      <spirit:port>
        <spirit:name>s00_axi_arprot</spirit:name>
        <spirit:wire>
          <spirit:direction>in</spirit:direction>
          <spirit:vector>
            <spirit:left spirit:format="long">2</spirit:left>
            <spirit:right spirit:format="long">0</spirit:right>
          </spirit:vector>
          <spirit:wireTypeDefs>
            <spirit:wireTypeDef>
              <spirit:typeName>std_logic_vector</spirit:typeName>
              <spirit:viewNameRef>xilinx_vhdlsynthesis</spirit:viewNameRef>
              <spirit:viewNameRef>xilinx_vhdlbehavioralsimulation</spirit:viewNameRef>
            </spirit:wireTypeDef>
          </spirit:wireTypeDefs>
        </spirit:wire>
      </spirit:port>
      <spirit:port>
        <spirit:name>s00_axi_arvalid</spirit:name>
        <spirit:wire>
          <spirit:direction>in</spirit:direction>
          <spirit:wireTypeDefs>
            <spirit:wireTypeDef>
              <spirit:typeName>std_logic</spirit:typeName>
              <spirit:viewNameRef>xilinx_vhdlsynthesis</spirit:viewNameRef>
              <spirit:viewNameRef>xilinx_vhdlbehavioralsimulation</spirit:viewNameRef>
            </spirit:wireTypeDef>
          </spirit:wireTypeDefs>
        </spirit:wire>
      </spirit:port>
      <spirit:port>
        <spirit:name>s00_axi_arready</spirit:name>
        <spirit:wire>
          <spirit:direction>out</spirit:direction>
          <spirit:wireTypeDefs>
            <spirit:wireTypeDef>
              <spirit:typeName>std_logic</spirit:typeName>
              <spirit:viewNameRef>xilinx_vhdlsynthesis</spirit:viewNameRef>
              <spirit:viewNameRef>xilinx_vhdlbehavioralsimulation</spirit:viewNameRef>
            </spirit:wireTypeDef>
          </spirit:wireTypeDefs>
        </spirit:wire>
      </spirit:port>
      <spirit:port>
        <spirit:name>s00_axi_rdata</spirit:name>
        <spirit:wire>
          <spirit:direction>out</spirit:direction>
          <spirit:vector>
            <spirit:left spirit:format="long" spirit:resolve="dependent" spirit:dependency="(spirit:decode(id(&apos;MODELPARAM_VALUE.C_S00_AXI_DATA_WIDTH&apos;)) - 1)">31</spirit:left>
            <spirit:right spirit:format="long">0</spirit:right>
          </spirit:vector>
          <spirit:wireTypeDefs>
            <spirit:wireTypeDef>
              <spirit:typeName>std_logic_vector</spirit:typeName>
              <spirit:viewNameRef>xilinx_vhdlsynthesis</spirit:viewNameRef>
              <spirit:viewNameRef>xilinx_vhdlbehavioralsimulation</spirit:viewNameRef>
            </spirit:wireTypeDef>
          </spirit:wireTypeDefs>
        </spirit:wire>
      </spirit:port>
      <spirit:port>
        <spirit:name>s00_axi_rresp</spirit:name>
        <spirit:wire>
          <spirit:direction>out</spirit:direction>
          <spirit:vector>
            <spirit:left spirit:format="long">1</spirit:left>
            <spirit:right spirit:format="long">0</spirit:right>
          </spirit:vector>
          <spirit:wireTypeDefs>
            <spirit:wireTypeDef>
              <spirit:typeName>std_logic_vector</spirit:typeName>
              <spirit:viewNameRef>xilinx_vhdlsynthesis</spirit:viewNameRef>
              <spirit:viewNameRef>xilinx_vhdlbehavioralsimulation</spirit:viewNameRef>
            </spirit:wireTypeDef>
          </spirit:wireTypeDefs>
        </spirit:wire>
      </spirit:port>
      <spirit:port>
        <spirit:name>s00_axi_rvalid</spirit:name>
        <spirit:wire>
          <spirit:direction>out</spirit:direction>
          <spirit:wireTypeDefs>
            <spirit:wireTypeDef>
              <spirit:typeName>std_logic</spirit:typeName>
              <spirit:viewNameRef>xilinx_vhdlsynthesis</spirit:viewNameRef>
              <spirit:viewNameRef>xilinx_vhdlbehavioralsimulation</spirit:viewNameRef>
            </spirit:wireTypeDef>
          </spirit:wireTypeDefs>
        </spirit:wire>
      </spirit:port>
      <spirit:port>
        <spirit:name>s00_axi_rready</spirit:name>
        <spirit:wire>
          <spirit:direction>in</spirit:direction>
          <spirit:wireTypeDefs>
            <spirit:wireTypeDef>
              <spirit:typeName>std_logic</spirit:typeName>
              <spirit:viewNameRef>xilinx_vhdlsynthesis</spirit:viewNameRef>
              <spirit:viewNameRef>xilinx_vhdlbehavioralsimulation</spirit:viewNameRef>
            </spirit:wireTypeDef>
          </spirit:wireTypeDefs>
        </spirit:wire>
      </spirit:port>
    </spirit:ports>
    <spirit:modelParameters>
      <spirit:modelParameter xsi:type="spirit:nameValueTypeType" spirit:dataType="integer">
        <spirit:name>C_S00_AXI_DATA_WIDTH</spirit:name>
        <spirit:displayName>C S00 AXI DATA WIDTH</spirit:displayName>
        <spirit:description>Width of S_AXI data bus</spirit:description>
        <spirit:value spirit:format="long" spirit:resolve="generated" spirit:id="MODELPARAM_VALUE.C_S00_AXI_DATA_WIDTH" spirit:order="3" spirit:rangeType="long">32</spirit:value>
      </spirit:modelParameter>
      <spirit:modelParameter spirit:dataType="integer">
        <spirit:name>C_S00_AXI_ADDR_WIDTH</spirit:name>
        <spirit:displayName>C S00 AXI ADDR WIDTH</spirit:displayName>
        <spirit:description>Width of S_AXI address bus</spirit:description>
        <spirit:value spirit:format="long" spirit:resolve="generated" spirit:id="MODELPARAM_VALUE.C_S00_AXI_ADDR_WIDTH" spirit:order="4" spirit:rangeType="long">4</spirit:value>
      </spirit:modelParameter>
    </spirit:modelParameters>
  </spirit:model>
  <spirit:choices>
    <spirit:choice>
      <spirit:name>choice_list_6fc15197</spirit:name>
      <spirit:enumeration>32</spirit:enumeration>
    </spirit:choice>
    <spirit:choice>
      <spirit:name>choice_list_9d8b0d81</spirit:name>
      <spirit:enumeration>ACTIVE_HIGH</spirit:enumeration>
      <spirit:enumeration>ACTIVE_LOW</spirit:enumeration>
    </spirit:choice>
    <spirit:choice>
      <spirit:name>choice_pairs_ce1226b1</spirit:name>
      <spirit:enumeration spirit:text="true">1</spirit:enumeration>
      <spirit:enumeration spirit:text="false">0</spirit:enumeration>
    </spirit:choice>
  </spirit:choices>
  <spirit:fileSets>
    <spirit:fileSet>
      <spirit:name>xilinx_vhdlsynthesis_view_fileset</spirit:name>
      <spirit:file>
        <spirit:name>src/fir_compiler_0/filt1.coe</spirit:name>
        <spirit:userFileType>coe</spirit:userFileType>
      </spirit:file>
      <spirit:file>
        <spirit:name>src/fir_compiler_1/filt2.coe</spirit:name>
        <spirit:userFileType>coe</spirit:userFileType>
      </spirit:file>
      <spirit:file>
        <spirit:name>src/fir_compiler_0/fir_compiler_0.xci</spirit:name>
        <spirit:userFileType>xci</spirit:userFileType>
      </spirit:file>
      <spirit:file>
        <spirit:name>src/fir_compiler_1/fir_compiler_1.xci</spirit:name>
        <spirit:userFileType>xci</spirit:userFileType>
        <spirit:userFileType>CELL_NAME_full_radio_v1_0_S00_AXI_inst/fir1</spirit:userFileType>
      </spirit:file>
      <spirit:file>
        <spirit:name>src/dds_compiler_1/dds_compiler_1.xci</spirit:name>
        <spirit:userFileType>xci</spirit:userFileType>
        <spirit:userFileType>CELL_NAME_full_radio_v1_0_S00_AXI_inst/dds1</spirit:userFileType>
      </spirit:file>
      <spirit:file>
        <spirit:name>src/dds_compiler_0/dds_compiler_0.xci</spirit:name>
        <spirit:userFileType>xci</spirit:userFileType>
        <spirit:userFileType>CELL_NAME_full_radio_v1_0_S00_AXI_inst/dds0</spirit:userFileType>
      </spirit:file>
      <spirit:file>
        <spirit:name>hdl/full_radio_v1_0_S00_AXI.vhd</spirit:name>
        <spirit:fileType>vhdlSource</spirit:fileType>
      </spirit:file>
      <spirit:file>
        <spirit:name>hdl/full_radio_v1_0.vhd</spirit:name>
        <spirit:fileType>vhdlSource</spirit:fileType>
        <spirit:userFileType>CHECKSUM_08ac6045</spirit:userFileType>
      </spirit:file>
    </spirit:fileSet>
    <spirit:fileSet>
      <spirit:name>xilinx_vhdlsynthesis_xilinx_com_ip_dds_compiler_6_0__ref_view_fileset</spirit:name>
      <spirit:vendorExtensions>
        <xilinx:subCoreRef>
          <xilinx:componentRef xilinx:vendor="xilinx.com" xilinx:library="ip" xilinx:name="dds_compiler" xilinx:version="6.0">
            <xilinx:mode xilinx:name="create_mode"/>
          </xilinx:componentRef>
        </xilinx:subCoreRef>
      </spirit:vendorExtensions>
    </spirit:fileSet>
    <spirit:fileSet>
      <spirit:name>xilinx_vhdlsynthesis_xilinx_com_ip_fir_compiler_7_2__ref_view_fileset</spirit:name>
      <spirit:vendorExtensions>
        <xilinx:subCoreRef>
          <xilinx:componentRef xilinx:vendor="xilinx.com" xilinx:library="ip" xilinx:name="fir_compiler" xilinx:version="7.2">
            <xilinx:mode xilinx:name="create_mode"/>
          </xilinx:componentRef>
        </xilinx:subCoreRef>
      </spirit:vendorExtensions>
    </spirit:fileSet>
    <spirit:fileSet>
      <spirit:name>xilinx_vhdlbehavioralsimulation_view_fileset</spirit:name>
      <spirit:file>
        <spirit:name>src/fir_compiler_0/filt1.coe</spirit:name>
        <spirit:userFileType>coe</spirit:userFileType>
      </spirit:file>
      <spirit:file>
        <spirit:name>src/fir_compiler_1/filt2.coe</spirit:name>
        <spirit:userFileType>coe</spirit:userFileType>
      </spirit:file>
      <spirit:file>
        <spirit:name>src/fir_compiler_0/fir_compiler_0.xci</spirit:name>
        <spirit:userFileType>xci</spirit:userFileType>
      </spirit:file>
      <spirit:file>
        <spirit:name>src/fir_compiler_1/fir_compiler_1.xci</spirit:name>
        <spirit:userFileType>xci</spirit:userFileType>
        <spirit:userFileType>CELL_NAME_full_radio_v1_0_S00_AXI_inst/fir1</spirit:userFileType>
      </spirit:file>
      <spirit:file>
        <spirit:name>src/dds_compiler_1/dds_compiler_1.xci</spirit:name>
        <spirit:userFileType>xci</spirit:userFileType>
        <spirit:userFileType>CELL_NAME_full_radio_v1_0_S00_AXI_inst/dds1</spirit:userFileType>
      </spirit:file>
      <spirit:file>
        <spirit:name>src/dds_compiler_0/dds_compiler_0.xci</spirit:name>
        <spirit:userFileType>xci</spirit:userFileType>
        <spirit:userFileType>CELL_NAME_full_radio_v1_0_S00_AXI_inst/dds0</spirit:userFileType>
      </spirit:file>
      <spirit:file>
        <spirit:name>hdl/full_radio_v1_0_S00_AXI.vhd</spirit:name>
        <spirit:fileType>vhdlSource</spirit:fileType>
      </spirit:file>
      <spirit:file>
        <spirit:name>hdl/full_radio_v1_0.vhd</spirit:name>
        <spirit:fileType>vhdlSource</spirit:fileType>
      </spirit:file>
    </spirit:fileSet>
    <spirit:fileSet>
      <spirit:name>xilinx_vhdlbehavioralsimulation_xilinx_com_ip_dds_compiler_6_0__ref_view_fileset</spirit:name>
      <spirit:vendorExtensions>
        <xilinx:subCoreRef>
          <xilinx:componentRef xilinx:vendor="xilinx.com" xilinx:library="ip" xilinx:name="dds_compiler" xilinx:version="6.0">
            <xilinx:mode xilinx:name="create_mode"/>
          </xilinx:componentRef>
        </xilinx:subCoreRef>
      </spirit:vendorExtensions>
    </spirit:fileSet>
    <spirit:fileSet>
      <spirit:name>xilinx_vhdlbehavioralsimulation_xilinx_com_ip_fir_compiler_7_2__ref_view_fileset</spirit:name>
      <spirit:vendorExtensions>
        <xilinx:subCoreRef>
          <xilinx:componentRef xilinx:vendor="xilinx.com" xilinx:library="ip" xilinx:name="fir_compiler" xilinx:version="7.2">
            <xilinx:mode xilinx:name="create_mode"/>
          </xilinx:componentRef>
        </xilinx:subCoreRef>
      </spirit:vendorExtensions>
    </spirit:fileSet>
    <spirit:fileSet>
      <spirit:name>xilinx_softwaredriver_view_fileset</spirit:name>
      <spirit:file>
        <spirit:name>drivers/full_radio_v1_0/data/full_radio.mdd</spirit:name>
        <spirit:userFileType>mdd</spirit:userFileType>
        <spirit:userFileType>driver_mdd</spirit:userFileType>
      </spirit:file>
      <spirit:file>
        <spirit:name>drivers/full_radio_v1_0/data/full_radio.tcl</spirit:name>
        <spirit:fileType>tclSource</spirit:fileType>
        <spirit:userFileType>driver_tcl</spirit:userFileType>
      </spirit:file>
      <spirit:file>
        <spirit:name>drivers/full_radio_v1_0/src/Makefile</spirit:name>
        <spirit:userFileType>driver_src</spirit:userFileType>
      </spirit:file>
      <spirit:file>
        <spirit:name>drivers/full_radio_v1_0/src/full_radio.h</spirit:name>
        <spirit:fileType>cSource</spirit:fileType>
        <spirit:userFileType>driver_src</spirit:userFileType>
      </spirit:file>
      <spirit:file>
        <spirit:name>drivers/full_radio_v1_0/src/full_radio.c</spirit:name>
        <spirit:fileType>cSource</spirit:fileType>
        <spirit:userFileType>driver_src</spirit:userFileType>
      </spirit:file>
      <spirit:file>
        <spirit:name>drivers/full_radio_v1_0/src/full_radio_selftest.c</spirit:name>
        <spirit:fileType>cSource</spirit:fileType>
        <spirit:userFileType>driver_src</spirit:userFileType>
      </spirit:file>
    </spirit:fileSet>
    <spirit:fileSet>
      <spirit:name>xilinx_xpgui_view_fileset</spirit:name>
      <spirit:file>
        <spirit:name>xgui/full_radio_v1_0.tcl</spirit:name>
        <spirit:fileType>tclSource</spirit:fileType>
        <spirit:userFileType>CHECKSUM_0e5443b4</spirit:userFileType>
        <spirit:userFileType>XGUI_VERSION_2</spirit:userFileType>
      </spirit:file>
    </spirit:fileSet>
    <spirit:fileSet>
      <spirit:name>bd_tcl_view_fileset</spirit:name>
      <spirit:file>
        <spirit:name>bd/bd.tcl</spirit:name>
        <spirit:fileType>tclSource</spirit:fileType>
      </spirit:file>
    </spirit:fileSet>
  </spirit:fileSets>
  <spirit:description>full DDC</spirit:description>
  <spirit:parameters>
    <spirit:parameter>
      <spirit:name>C_S00_AXI_DATA_WIDTH</spirit:name>
      <spirit:displayName>C S00 AXI DATA WIDTH</spirit:displayName>
      <spirit:description>Width of S_AXI data bus</spirit:description>
      <spirit:value spirit:format="long" spirit:resolve="user" spirit:id="PARAM_VALUE.C_S00_AXI_DATA_WIDTH" spirit:choiceRef="choice_list_6fc15197" spirit:order="3">32</spirit:value>
      <spirit:vendorExtensions>
        <xilinx:parameterInfo>
          <xilinx:enablement>
            <xilinx:isEnabled xilinx:id="PARAM_ENABLEMENT.C_S00_AXI_DATA_WIDTH">false</xilinx:isEnabled>
          </xilinx:enablement>
        </xilinx:parameterInfo>
      </spirit:vendorExtensions>
    </spirit:parameter>
    <spirit:parameter>
      <spirit:name>C_S00_AXI_ADDR_WIDTH</spirit:name>
      <spirit:displayName>C S00 AXI ADDR WIDTH</spirit:displayName>
      <spirit:description>Width of S_AXI address bus</spirit:description>
      <spirit:value spirit:format="long" spirit:resolve="user" spirit:id="PARAM_VALUE.C_S00_AXI_ADDR_WIDTH" spirit:order="4" spirit:rangeType="long">4</spirit:value>
      <spirit:vendorExtensions>
        <xilinx:parameterInfo>
          <xilinx:enablement>
            <xilinx:isEnabled xilinx:id="PARAM_ENABLEMENT.C_S00_AXI_ADDR_WIDTH">false</xilinx:isEnabled>
          </xilinx:enablement>
        </xilinx:parameterInfo>
      </spirit:vendorExtensions>
    </spirit:parameter>
    <spirit:parameter>
      <spirit:name>C_S00_AXI_BASEADDR</spirit:name>
      <spirit:displayName>C S00 AXI BASEADDR</spirit:displayName>
      <spirit:value spirit:format="bitString" spirit:resolve="user" spirit:id="PARAM_VALUE.C_S00_AXI_BASEADDR" spirit:order="5" spirit:bitStringLength="32">0xFFFFFFFF</spirit:value>
      <spirit:vendorExtensions>
        <xilinx:parameterInfo>
          <xilinx:enablement>
            <xilinx:isEnabled xilinx:id="PARAM_ENABLEMENT.C_S00_AXI_BASEADDR">false</xilinx:isEnabled>
          </xilinx:enablement>
        </xilinx:parameterInfo>
      </spirit:vendorExtensions>
    </spirit:parameter>
    <spirit:parameter>
      <spirit:name>C_S00_AXI_HIGHADDR</spirit:name>
      <spirit:displayName>C S00 AXI HIGHADDR</spirit:displayName>
      <spirit:value spirit:format="bitString" spirit:resolve="user" spirit:id="PARAM_VALUE.C_S00_AXI_HIGHADDR" spirit:order="6" spirit:bitStringLength="32">0x00000000</spirit:value>
      <spirit:vendorExtensions>
        <xilinx:parameterInfo>
          <xilinx:enablement>
            <xilinx:isEnabled xilinx:id="PARAM_ENABLEMENT.C_S00_AXI_HIGHADDR">false</xilinx:isEnabled>
          </xilinx:enablement>
        </xilinx:parameterInfo>
      </spirit:vendorExtensions>
    </spirit:parameter>
    <spirit:parameter>
      <spirit:name>Component_Name</spirit:name>
      <spirit:value spirit:resolve="user" spirit:id="PARAM_VALUE.Component_Name" spirit:order="1">full_radio_v1_0</spirit:value>
    </spirit:parameter>
  </spirit:parameters>
  <spirit:vendorExtensions>
    <xilinx:coreExtensions>
      <xilinx:supportedFamilies>
        <xilinx:family xilinx:lifeCycle="Pre-Production">zynq</xilinx:family>
      </xilinx:supportedFamilies>
      <xilinx:taxonomies>
        <xilinx:taxonomy>AXI_Peripheral</xilinx:taxonomy>
      </xilinx:taxonomies>
      <xilinx:displayName>full_radio_v1.0</xilinx:displayName>
      <xilinx:coreRevision>9</xilinx:coreRevision>
      <xilinx:upgrades>
        <xilinx:canUpgradeFrom>user.org:user:full_radio:1.0</xilinx:canUpgradeFrom>
      </xilinx:upgrades>
      <xilinx:coreCreationDateTime>2022-08-07T20:19:13Z</xilinx:coreCreationDateTime>
      <xilinx:tags>
        <xilinx:tag xilinx:name="ui.data.coregen.df@1ce88294_ARCHIVE_LOCATION">/home/doug/class/rpl_github/ip_repo/full_radio_1.0</xilinx:tag>
        <xilinx:tag xilinx:name="ui.data.coregen.df@edb5609_ARCHIVE_LOCATION">/home/doug/class/rpl_github/ip_repo/full_radio_1.0</xilinx:tag>
        <xilinx:tag xilinx:name="ui.data.coregen.df@62184866_ARCHIVE_LOCATION">/home/doug/class/rpl_github/ip_repo/full_radio_1.0</xilinx:tag>
        <xilinx:tag xilinx:name="ui.data.coregen.df@32196f6a_ARCHIVE_LOCATION">/home/doug/class/rpl_github/ip_repo/full_radio_1.0</xilinx:tag>
        <xilinx:tag xilinx:name="ui.data.coregen.df@794539d7_ARCHIVE_LOCATION">/home/doug/class/rpl_github/ip_repo/full_radio_1.0</xilinx:tag>
        <xilinx:tag xilinx:name="ui.data.coregen.df@401e7813_ARCHIVE_LOCATION">/home/doug/class/rpl_github/ip_repo/full_radio_1.0</xilinx:tag>
        <xilinx:tag xilinx:name="ui.data.coregen.df@72c2e042_ARCHIVE_LOCATION">/home/doug/class/rpl_github/ip_repo/full_radio_1.0</xilinx:tag>
        <xilinx:tag xilinx:name="ui.data.coregen.df@4e8fb206_ARCHIVE_LOCATION">/home/doug/class/rpl_github/ip_repo/full_radio_1.0</xilinx:tag>
        <xilinx:tag xilinx:name="ui.data.coregen.df@7b5e83ac_ARCHIVE_LOCATION">/home/doug/class/rpl_github/ip_repo/full_radio_1.0</xilinx:tag>
        <xilinx:tag xilinx:name="ui.data.coregen.df@35d44086_ARCHIVE_LOCATION">/home/doug/class/rpl_github/ip_repo/full_radio_1.0</xilinx:tag>
        <xilinx:tag xilinx:name="ui.data.coregen.df@17ca8580_ARCHIVE_LOCATION">/home/doug/class/rpl_github/ip_repo/full_radio_1.0</xilinx:tag>
        <xilinx:tag xilinx:name="ui.data.coregen.df@2d714d53_ARCHIVE_LOCATION">/home/doug/class/rpl_github/ip_repo/full_radio_1.0</xilinx:tag>
        <xilinx:tag xilinx:name="ui.data.coregen.df@26fb9d03_ARCHIVE_LOCATION">/home/doug/class/rpl_github/ip_repo/full_radio_1.0</xilinx:tag>
        <xilinx:tag xilinx:name="ui.data.coregen.df@6d0f9a12_ARCHIVE_LOCATION">/home/doug/class/rpl_github/ip_repo/full_radio_1.0</xilinx:tag>
        <xilinx:tag xilinx:name="ui.data.coregen.df@68496e08_ARCHIVE_LOCATION">/home/doug/class/rpl_github/ip_repo/full_radio_1.0</xilinx:tag>
        <xilinx:tag xilinx:name="ui.data.coregen.df@66074da2_ARCHIVE_LOCATION">/home/doug/class/rpl_github/ip_repo/full_radio_1.0</xilinx:tag>
        <xilinx:tag xilinx:name="ui.data.coregen.df@1bc72fde_ARCHIVE_LOCATION">/home/doug/class/rpl_github/ip_repo/full_radio_1.0</xilinx:tag>
        <xilinx:tag xilinx:name="ui.data.coregen.df@5b442d5f_ARCHIVE_LOCATION">/home/doug/class/rpl_github/ip_repo/full_radio_1.0</xilinx:tag>
        <xilinx:tag xilinx:name="ui.data.coregen.df@68591509_ARCHIVE_LOCATION">/home/doug/class/rpl_github/ip_repo/full_radio_1.0</xilinx:tag>
        <xilinx:tag xilinx:name="ui.data.coregen.df@74e3d587_ARCHIVE_LOCATION">/home/doug/class/rpl_github/ip_repo/full_radio_1.0</xilinx:tag>
        <xilinx:tag xilinx:name="ui.data.coregen.df@b3ec950_ARCHIVE_LOCATION">/home/doug/class/rpl_github/ip_repo/full_radio_1.0</xilinx:tag>
        <xilinx:tag xilinx:name="ui.data.coregen.df@5b9f8843_ARCHIVE_LOCATION">/home/doug/class/rpl_github/ip_repo/full_radio_1.0</xilinx:tag>
        <xilinx:tag xilinx:name="ui.data.coregen.df@33cfd987_ARCHIVE_LOCATION">/home/doug/class/rpl_github/ip_repo/full_radio_1.0</xilinx:tag>
        <xilinx:tag xilinx:name="ui.data.coregen.df@1417b5fa_ARCHIVE_LOCATION">/home/doug/class/rpl_github/ip_repo/full_radio_1.0</xilinx:tag>
        <xilinx:tag xilinx:name="ui.data.coregen.df@41adec52_ARCHIVE_LOCATION">/home/doug/class/rpl_github/ip_repo/full_radio_1.0</xilinx:tag>
        <xilinx:tag xilinx:name="ui.data.coregen.df@c3d0a85_ARCHIVE_LOCATION">/home/doug/class/rpl_github/ip_repo/full_radio_1.0</xilinx:tag>
        <xilinx:tag xilinx:name="ui.data.coregen.df@25a6154b_ARCHIVE_LOCATION">/home/doug/class/rpl_github/ip_repo/full_radio_1.0</xilinx:tag>
        <xilinx:tag xilinx:name="ui.data.coregen.df@2217f82c_ARCHIVE_LOCATION">/home/doug/class/rpl_github/ip_repo/full_radio_1.0</xilinx:tag>
        <xilinx:tag xilinx:name="ui.data.coregen.df@35d46e5f_ARCHIVE_LOCATION">/home/doug/class/rpl_github/ip_repo/full_radio_1.0</xilinx:tag>
        <xilinx:tag xilinx:name="ui.data.coregen.df@41c14fd5_ARCHIVE_LOCATION">/home/doug/class/rpl_github/ip_repo/full_radio_1.0</xilinx:tag>
        <xilinx:tag xilinx:name="ui.data.coregen.df@598c291c_ARCHIVE_LOCATION">/home/doug/class/rpl_github/ip_repo/full_radio_1.0</xilinx:tag>
        <xilinx:tag xilinx:name="ui.data.coregen.df@4fd69058_ARCHIVE_LOCATION">/home/doug/class/rpl_github/ip_repo/full_radio_1.0</xilinx:tag>
        <xilinx:tag xilinx:name="ui.data.coregen.df@73c08ef4_ARCHIVE_LOCATION">/home/doug/class/rpl_github/ip_repo/full_radio_1.0</xilinx:tag>
        <xilinx:tag xilinx:name="ui.data.coregen.df@30767828_ARCHIVE_LOCATION">/home/doug/class/rpl_github/ip_repo/full_radio</xilinx:tag>
        <xilinx:tag xilinx:name="ui.data.coregen.df@5a4f8c5f_ARCHIVE_LOCATION">/home/doug/class/rpl_github/ip_repo/full_radio</xilinx:tag>
        <xilinx:tag xilinx:name="ui.data.coregen.df@234a96ae_ARCHIVE_LOCATION">/home/doug/class/rpl_github/ip_repo/full_radio</xilinx:tag>
        <xilinx:tag xilinx:name="ui.data.coregen.df@e423375_ARCHIVE_LOCATION">/home/doug/class/rpl_github/ip_repo/full_radio</xilinx:tag>
        <xilinx:tag xilinx:name="ui.data.coregen.df@7133c991_ARCHIVE_LOCATION">/home/doug/class/rpl_github/ip_repo/full_radio</xilinx:tag>
        <xilinx:tag xilinx:name="ui.data.coregen.df@5a863b8c_ARCHIVE_LOCATION">/home/doug/class/rpl_github/ip_repo/full_radio</xilinx:tag>
        <xilinx:tag xilinx:name="ui.data.coregen.df@79cc54a6_ARCHIVE_LOCATION">/home/doug/class/rpl_github/ip_repo/full_radio</xilinx:tag>
        <xilinx:tag xilinx:name="ui.data.coregen.df@190bac86_ARCHIVE_LOCATION">/home/doug/class/rpl_github/ip_repo/full_radio</xilinx:tag>
        <xilinx:tag xilinx:name="ui.data.coregen.df@2edcad57_ARCHIVE_LOCATION">/home/doug/class/rpl_github/ip_repo/full_radio</xilinx:tag>
        <xilinx:tag xilinx:name="ui.data.coregen.df@37572b79_ARCHIVE_LOCATION">/home/doug/class/rpl_github/ip_repo/full_radio</xilinx:tag>
        <xilinx:tag xilinx:name="ui.data.coregen.df@727b716e_ARCHIVE_LOCATION">/home/doug/class/rpl_github/ip_repo/full_radio</xilinx:tag>
        <xilinx:tag xilinx:name="ui.data.coregen.df@70f34bb7_ARCHIVE_LOCATION">/home/doug/class/rpl_github/ip_repo/full_radio</xilinx:tag>
        <xilinx:tag xilinx:name="ui.data.coregen.df@282d5310_ARCHIVE_LOCATION">/home/doug/class/rpl_github/ip_repo/full_radio</xilinx:tag>
        <xilinx:tag xilinx:name="ui.data.coregen.df@5eb74726_ARCHIVE_LOCATION">/home/doug/class/rpl_github/ip_repo/full_radio</xilinx:tag>
        <xilinx:tag xilinx:name="ui.data.coregen.df@15e0c397_ARCHIVE_LOCATION">/home/doug/class/rpl_github/ip_repo/full_radio</xilinx:tag>
        <xilinx:tag xilinx:name="ui.data.coregen.df@50a92115_ARCHIVE_LOCATION">/home/doug/class/rpl_github/ip_repo/full_radio</xilinx:tag>
        <xilinx:tag xilinx:name="ui.data.coregen.df@3c9212ab_ARCHIVE_LOCATION">/home/doug/class/rpl_github/ip_repo/full_radio</xilinx:tag>
        <xilinx:tag xilinx:name="ui.data.coregen.df@7cc49463_ARCHIVE_LOCATION">/home/doug/class/rpl_github/ip_repo/full_radio</xilinx:tag>
        <xilinx:tag xilinx:name="ui.data.coregen.df@6268d176_ARCHIVE_LOCATION">/home/doug/class/rpl_github/ip_repo/full_radio</xilinx:tag>
        <xilinx:tag xilinx:name="ui.data.coregen.df@22657b6e_ARCHIVE_LOCATION">/home/doug/class/rpl_github/ip_repo/full_radio</xilinx:tag>
        <xilinx:tag xilinx:name="ui.data.coregen.df@2e2ce164_ARCHIVE_LOCATION">/home/doug/class/rpl_github/ip_repo/full_radio</xilinx:tag>
        <xilinx:tag xilinx:name="ui.data.coregen.df@d3780ff_ARCHIVE_LOCATION">/home/doug/class/rpl_github/ip_repo/full_radio</xilinx:tag>
        <xilinx:tag xilinx:name="ui.data.coregen.df@4df73853_ARCHIVE_LOCATION">/home/doug/class/rpl_github/ip_repo/full_radio</xilinx:tag>
        <xilinx:tag xilinx:name="ui.data.coregen.df@6c7cf11d_ARCHIVE_LOCATION">/home/doug/class/rpl_github/ip_repo/full_radio</xilinx:tag>
        <xilinx:tag xilinx:name="ui.data.coregen.df@4d8b1229_ARCHIVE_LOCATION">/home/doug/class/rpl_github/ip_repo/full_radio</xilinx:tag>
        <xilinx:tag xilinx:name="ui.data.coregen.df@4a5119ea_ARCHIVE_LOCATION">/home/doug/class/rpl_github/ip_repo/full_radio</xilinx:tag>
        <xilinx:tag xilinx:name="ui.data.coregen.df@1b0c9b7d_ARCHIVE_LOCATION">/home/doug/class/rpl_github/ip_repo/full_radio</xilinx:tag>
        <xilinx:tag xilinx:name="ui.data.coregen.df@3036234b_ARCHIVE_LOCATION">/home/doug/class/rpl_github/ip_repo/full_radio</xilinx:tag>
        <xilinx:tag xilinx:name="ui.data.coregen.df@40a33011_ARCHIVE_LOCATION">/home/doug/class/rpl_github/ip_repo/full_radio</xilinx:tag>
        <xilinx:tag xilinx:name="ui.data.coregen.df@50b32088_ARCHIVE_LOCATION">/home/doug/class/rpl_github/ip_repo/full_radio</xilinx:tag>
        <xilinx:tag xilinx:name="ui.data.coregen.df@29517c2c_ARCHIVE_LOCATION">/home/doug/class/rpl_github/ip_repo/full_radio</xilinx:tag>
        <xilinx:tag xilinx:name="ui.data.coregen.df@6bf8e1db_ARCHIVE_LOCATION">/home/doug/class/rpl_github/ip_repo/full_radio</xilinx:tag>
        <xilinx:tag xilinx:name="ui.data.coregen.df@551a37f_ARCHIVE_LOCATION">/home/doug/class/rpl_github/ip_repo/full_radio</xilinx:tag>
        <xilinx:tag xilinx:name="ui.data.coregen.df@5a522f23_ARCHIVE_LOCATION">/home/doug/class/rpl_github/ip_repo/full_radio</xilinx:tag>
        <xilinx:tag xilinx:name="ui.data.coregen.df@59a0e916_ARCHIVE_LOCATION">/home/doug/class/rpl_github/ip_repo/full_radio</xilinx:tag>
        <xilinx:tag xilinx:name="ui.data.coregen.df@535014f2_ARCHIVE_LOCATION">/home/doug/class/rpl_github/ip_repo/full_radio</xilinx:tag>
        <xilinx:tag xilinx:name="ui.data.coregen.df@6a4736df_ARCHIVE_LOCATION">/home/doug/class/rpl_github/ip_repo/full_radio</xilinx:tag>
        <xilinx:tag xilinx:name="ui.data.coregen.df@208b5bdc_ARCHIVE_LOCATION">/home/doug/class/rpl_github/ip_repo/full_radio</xilinx:tag>
        <xilinx:tag xilinx:name="ui.data.coregen.df@293f9c33_ARCHIVE_LOCATION">/home/doug/class/rpl_github/ip_repo/full_radio</xilinx:tag>
        <xilinx:tag xilinx:name="ui.data.coregen.df@6a93e721_ARCHIVE_LOCATION">/home/doug/class/rpl_github/ip_repo/full_radio</xilinx:tag>
        <xilinx:tag xilinx:name="ui.data.coregen.df@609a74b4_ARCHIVE_LOCATION">/home/doug/class/rpl_github/ip_repo/full_radio</xilinx:tag>
        <xilinx:tag xilinx:name="ui.data.coregen.df@38a80249_ARCHIVE_LOCATION">/home/doug/class/rpl_github/ip_repo/full_radio</xilinx:tag>
        <xilinx:tag xilinx:name="ui.data.coregen.df@51a0ce8a_ARCHIVE_LOCATION">/home/doug/class/rpl_github/ip_repo/full_radio</xilinx:tag>
        <xilinx:tag xilinx:name="ui.data.coregen.df@575a93d1_ARCHIVE_LOCATION">/home/doug/class/rpl_github/ip_repo/full_radio</xilinx:tag>
        <xilinx:tag xilinx:name="ui.data.coregen.df@7623774d_ARCHIVE_LOCATION">c:/Users/212581463/work/labs_2021_2/lab6/radio_periph_lab-main/ip_repo/full_radio</xilinx:tag>
        <xilinx:tag xilinx:name="ui.data.coregen.df@ceff632_ARCHIVE_LOCATION">c:/Users/212581463/work/labs_2021_2/lab6/radio_periph_lab-main/ip_repo/full_radio</xilinx:tag>
        <xilinx:tag xilinx:name="ui.data.coregen.df@3b9e9042_ARCHIVE_LOCATION">c:/Users/212581463/work/labs_2021_2/lab6/radio_periph_lab-main/ip_repo/full_radio</xilinx:tag>
        <xilinx:tag xilinx:name="ui.data.coregen.df@44fc7eda_ARCHIVE_LOCATION">c:/Users/212581463/work/labs_2021_2/lab6/radio_periph_lab-main/ip_repo/full_radio</xilinx:tag>
        <xilinx:tag xilinx:name="ui.data.coregen.df@34469a63_ARCHIVE_LOCATION">c:/Users/212581463/work/labs_2021_2/lab6/radio_periph_lab-main/ip_repo/full_radio</xilinx:tag>
        <xilinx:tag xilinx:name="ui.data.coregen.df@1b5f08b3_ARCHIVE_LOCATION">c:/Users/212581463/work/labs_2021_2/lab6/radio_periph_lab-main/ip_repo/full_radio</xilinx:tag>
        <xilinx:tag xilinx:name="ui.data.coregen.df@29de927b_ARCHIVE_LOCATION">c:/Users/212581463/work/labs_2021_2/lab6/radio_periph_lab-main/ip_repo/full_radio</xilinx:tag>
        <xilinx:tag xilinx:name="ui.data.coregen.df@34e122d_ARCHIVE_LOCATION">c:/Users/212581463/work/labs_2021_2/lab6/radio_periph_lab-main/ip_repo/full_radio</xilinx:tag>
        <xilinx:tag xilinx:name="ui.data.coregen.df@937e397_ARCHIVE_LOCATION">c:/Users/212581463/work/labs_2021_2/lab6/radio_periph_lab-main/ip_repo/full_radio</xilinx:tag>
        <xilinx:tag xilinx:name="ui.data.coregen.df@55805b82_ARCHIVE_LOCATION">c:/Users/212581463/work/labs_2021_2/lab6/radio_periph_lab-main/ip_repo/full_radio</xilinx:tag>
        <xilinx:tag xilinx:name="ui.data.coregen.df@32912b5d_ARCHIVE_LOCATION">c:/Users/212581463/work/labs_2021_2/lab6/radio_periph_lab-main/ip_repo/full_radio</xilinx:tag>
        <xilinx:tag xilinx:name="ui.data.coregen.df@2bd60501_ARCHIVE_LOCATION">c:/Users/212581463/work/labs_2021_2/lab6/radio_periph_lab-main/ip_repo/full_radio</xilinx:tag>
        <xilinx:tag xilinx:name="ui.data.coregen.df@638f8c7_ARCHIVE_LOCATION">c:/Users/212581463/work/labs_2021_2/lab6/radio_periph_lab-main/ip_repo/full_radio</xilinx:tag>
        <xilinx:tag xilinx:name="ui.data.coregen.df@1dcfda58_ARCHIVE_LOCATION">c:/Users/212581463/work/labs_2021_2/lab6/radio_periph_lab-main/ip_repo/full_radio</xilinx:tag>
        <xilinx:tag xilinx:name="ui.data.coregen.df@384e3e10_ARCHIVE_LOCATION">c:/Users/212581463/work/labs_2021_2/lab6/radio_periph_lab-main/ip_repo/full_radio</xilinx:tag>
        <xilinx:tag xilinx:name="ui.data.coregen.df@6f01d468_ARCHIVE_LOCATION">c:/Users/212581463/work/labs_2021_2/lab6/radio_periph_lab-main/ip_repo/full_radio</xilinx:tag>
        <xilinx:tag xilinx:name="ui.data.coregen.df@5f69cf89_ARCHIVE_LOCATION">c:/Users/212581463/work/labs_2021_2/lab6/radio_periph_lab-main/ip_repo/full_radio</xilinx:tag>
        <xilinx:tag xilinx:name="ui.data.coregen.df@51080b36_ARCHIVE_LOCATION">c:/Users/212581463/work/labs_2021_2/lab6/radio_periph_lab-main/ip_repo/full_radio</xilinx:tag>
        <xilinx:tag xilinx:name="ui.data.coregen.df@5d3f6d92_ARCHIVE_LOCATION">c:/Users/212581463/work/labs_2021_2/lab6/radio_periph_lab-main/ip_repo/full_radio</xilinx:tag>
        <xilinx:tag xilinx:name="ui.data.coregen.df@2d2859f8_ARCHIVE_LOCATION">c:/Users/212581463/work/labs_2021_2/lab6/radio_periph_lab-main/ip_repo/full_radio</xilinx:tag>
        <xilinx:tag xilinx:name="ui.data.coregen.df@21022b14_ARCHIVE_LOCATION">c:/Users/212581463/work/labs_2021_2/lab6/radio_periph_lab-main/ip_repo/full_radio</xilinx:tag>
        <xilinx:tag xilinx:name="ui.data.coregen.df@1f440601_ARCHIVE_LOCATION">c:/Users/212581463/work/labs_2021_2/lab6/radio_periph_lab-main/ip_repo/full_radio</xilinx:tag>
        <xilinx:tag xilinx:name="ui.data.coregen.df@eb3c074_ARCHIVE_LOCATION">c:/Users/212581463/work/labs_2021_2/lab6/radio_periph_lab-main/ip_repo/full_radio</xilinx:tag>
        <xilinx:tag xilinx:name="ui.data.coregen.df@6f1b3e6c_ARCHIVE_LOCATION">c:/Users/212581463/work/labs_2021_2/lab6/radio_periph_lab-main/ip_repo/full_radio</xilinx:tag>
        <xilinx:tag xilinx:name="ui.data.coregen.df@3ede3279_ARCHIVE_LOCATION">c:/Users/212581463/work/labs_2021_2/lab6/radio_periph_lab-main/ip_repo/full_radio</xilinx:tag>
        <xilinx:tag xilinx:name="ui.data.coregen.df@1158702b_ARCHIVE_LOCATION">c:/Users/212581463/work/labs_2021_2/lab6/radio_periph_lab-main/ip_repo/full_radio</xilinx:tag>
        <xilinx:tag xilinx:name="ui.data.coregen.df@5e08287c_ARCHIVE_LOCATION">c:/Users/212581463/work/labs_2021_2/lab6/radio_periph_lab-main/ip_repo/full_radio</xilinx:tag>
        <xilinx:tag xilinx:name="ui.data.coregen.df@26d5d780_ARCHIVE_LOCATION">c:/Users/212581463/work/labs_2021_2/lab6/radio_periph_lab-main/ip_repo/full_radio</xilinx:tag>
        <xilinx:tag xilinx:name="ui.data.coregen.df@7c381c6c_ARCHIVE_LOCATION">c:/Users/212581463/work/labs_2021_2/lab6/radio_periph_lab-main/ip_repo/full_radio</xilinx:tag>
        <xilinx:tag xilinx:name="ui.data.coregen.df@39c8e287_ARCHIVE_LOCATION">c:/Users/212581463/work/labs_2021_2/lab6/radio_periph_lab-main/ip_repo/full_radio</xilinx:tag>
        <xilinx:tag xilinx:name="ui.data.coregen.df@4c80dc3b_ARCHIVE_LOCATION">c:/Users/212581463/work/labs_2021_2/lab6/radio_periph_lab-main/ip_repo/full_radio</xilinx:tag>
        <xilinx:tag xilinx:name="ui.data.coregen.df@3c152159_ARCHIVE_LOCATION">c:/Users/212581463/work/labs_2021_2/lab6/radio_periph_lab-main/ip_repo/full_radio</xilinx:tag>
        <xilinx:tag xilinx:name="ui.data.coregen.df@68f79cb4_ARCHIVE_LOCATION">c:/Users/212581463/work/labs_2021_2/lab6/radio_periph_lab-main/ip_repo/full_radio</xilinx:tag>
        <xilinx:tag xilinx:name="ui.data.coregen.df@4f3a7e22_ARCHIVE_LOCATION">c:/Users/212581463/work/labs_2021_2/lab6/radio_periph_lab-main/ip_repo/full_radio</xilinx:tag>
        <xilinx:tag xilinx:name="ui.data.coregen.df@2920c7f1_ARCHIVE_LOCATION">c:/Users/212581463/work/labs_2021_2/lab6/radio_periph_lab-main/ip_repo/full_radio</xilinx:tag>
        <xilinx:tag xilinx:name="ui.data.coregen.df@4cf651ff_ARCHIVE_LOCATION">c:/Users/212581463/work/labs_2021_2/lab6/radio_periph_lab-main/ip_repo/full_radio</xilinx:tag>
        <xilinx:tag xilinx:name="ui.data.coregen.df@35f50e9a_ARCHIVE_LOCATION">c:/Users/212581463/work/labs_2021_2/lab6/radio_periph_lab-main/ip_repo/full_radio</xilinx:tag>
        <xilinx:tag xilinx:name="ui.data.coregen.df@3c6cef8a_ARCHIVE_LOCATION">c:/Users/212581463/work/labs_2021_2/lab6/radio_periph_lab-main/ip_repo/full_radio</xilinx:tag>
        <xilinx:tag xilinx:name="ui.data.coregen.df@69d2a90e_ARCHIVE_LOCATION">c:/Users/212581463/work/labs_2021_2/lab6/radio_periph_lab-main/ip_repo/full_radio</xilinx:tag>
        <xilinx:tag xilinx:name="ui.data.coregen.df@41456cf3_ARCHIVE_LOCATION">c:/Users/212581463/work/labs_2021_2/lab6/radio_periph_lab-main/ip_repo/full_radio</xilinx:tag>
        <xilinx:tag xilinx:name="ui.data.coregen.df@7484fc1f_ARCHIVE_LOCATION">c:/Users/212581463/work/labs_2021_2/lab6/radio_periph_lab-main/ip_repo/full_radio</xilinx:tag>
        <xilinx:tag xilinx:name="ui.data.coregen.df@581227c8_ARCHIVE_LOCATION">c:/Users/212581463/work/labs_2021_2/lab6/radio_periph_lab-main/ip_repo/full_radio</xilinx:tag>
        <xilinx:tag xilinx:name="ui.data.coregen.df@7778ead6_ARCHIVE_LOCATION">c:/Users/212581463/work/labs_2021_2/lab6/radio_periph_lab-main/ip_repo/full_radio</xilinx:tag>
        <xilinx:tag xilinx:name="ui.data.coregen.df@af3d7a_ARCHIVE_LOCATION">c:/Users/212581463/work/labs_2021_2/lab6/radio_periph_lab-main/ip_repo/full_radio</xilinx:tag>
        <xilinx:tag xilinx:name="ui.data.coregen.df@724b05ad_ARCHIVE_LOCATION">c:/Users/212581463/work/labs_2021_2/lab6/radio_periph_lab-main/ip_repo/full_radio</xilinx:tag>
        <xilinx:tag xilinx:name="ui.data.coregen.df@4d1649c9_ARCHIVE_LOCATION">c:/Users/212581463/work/labs_2021_2/lab6/radio_periph_lab-main/ip_repo/full_radio</xilinx:tag>
        <xilinx:tag xilinx:name="ui.data.coregen.df@65cd7554_ARCHIVE_LOCATION">c:/Users/212581463/work/labs_2021_2/lab6/radio_periph_lab-main/ip_repo/full_radio</xilinx:tag>
        <xilinx:tag xilinx:name="ui.data.coregen.df@3d8577b7_ARCHIVE_LOCATION">c:/Users/212581463/work/labs_2021_2/lab6/radio_periph_lab-main/ip_repo/full_radio</xilinx:tag>
        <xilinx:tag xilinx:name="ui.data.coregen.df@3a4011e3_ARCHIVE_LOCATION">c:/Users/212581463/work/labs_2021_2/lab6/radio_periph_lab-main/ip_repo/full_radio</xilinx:tag>
        <xilinx:tag xilinx:name="ui.data.coregen.df@32460824_ARCHIVE_LOCATION">c:/Users/212581463/work/labs_2021_2/lab6/radio_periph_lab-main/ip_repo/full_radio</xilinx:tag>
        <xilinx:tag xilinx:name="ui.data.coregen.df@57f396ee_ARCHIVE_LOCATION">c:/Users/212581463/work/labs_2021_2/lab6/radio_periph_lab-main/ip_repo/full_radio</xilinx:tag>
        <xilinx:tag xilinx:name="ui.data.coregen.df@35c6fa84_ARCHIVE_LOCATION">c:/Users/212581463/work/labs_2021_2/lab6/radio_periph_lab-main/ip_repo/full_radio</xilinx:tag>
        <xilinx:tag xilinx:name="ui.data.coregen.df@2f2422f1_ARCHIVE_LOCATION">c:/Users/212581463/work/labs_2021_2/lab6/radio_periph_lab-main/ip_repo/full_radio</xilinx:tag>
        <xilinx:tag xilinx:name="ui.data.coregen.df@174b7a5d_ARCHIVE_LOCATION">c:/Users/212581463/work/labs_2021_2/lab6/radio_periph_lab-main/ip_repo/full_radio</xilinx:tag>
        <xilinx:tag xilinx:name="ui.data.coregen.df@67b094de_ARCHIVE_LOCATION">c:/Users/212581463/work/labs_2021_2/lab6/radio_periph_lab-main/ip_repo/full_radio</xilinx:tag>
        <xilinx:tag xilinx:name="ui.data.coregen.df@359dabff_ARCHIVE_LOCATION">c:/Users/212581463/work/labs_2021_2/lab6/radio_periph_lab-main/ip_repo/full_radio</xilinx:tag>
        <xilinx:tag xilinx:name="ui.data.coregen.df@3697b967_ARCHIVE_LOCATION">c:/Users/212581463/work/labs_2021_2/lab6/radio_periph_lab-main/ip_repo/full_radio</xilinx:tag>
        <xilinx:tag xilinx:name="ui.data.coregen.df@773ce292_ARCHIVE_LOCATION">c:/Users/212581463/work/labs_2021_2/lab6/radio_periph_lab-main/ip_repo/full_radio</xilinx:tag>
        <xilinx:tag xilinx:name="ui.data.coregen.df@507430f_ARCHIVE_LOCATION">c:/Users/212581463/work/labs_2021_2/lab6/radio_periph_lab-main/ip_repo/full_radio</xilinx:tag>
        <xilinx:tag xilinx:name="ui.data.coregen.df@6360c8ca_ARCHIVE_LOCATION">c:/Users/212581463/work/labs_2021_2/lab6/radio_periph_lab-main/ip_repo/full_radio</xilinx:tag>
        <xilinx:tag xilinx:name="ui.data.coregen.df@697df2d7_ARCHIVE_LOCATION">c:/Users/212581463/work/labs_2021_2/lab6/radio_periph_lab-main/ip_repo/full_radio</xilinx:tag>
        <xilinx:tag xilinx:name="ui.data.coregen.df@1bed222d_ARCHIVE_LOCATION">c:/Users/212581463/work/labs_2021_2/lab6/radio_periph_lab-main/ip_repo/full_radio</xilinx:tag>
        <xilinx:tag xilinx:name="ui.data.coregen.df@5f30a30d_ARCHIVE_LOCATION">c:/Users/212581463/work/labs_2021_2/lab6/radio_periph_lab-main/ip_repo/full_radio</xilinx:tag>
        <xilinx:tag xilinx:name="ui.data.coregen.df@66fde22_ARCHIVE_LOCATION">c:/Users/212581463/work/labs_2021_2/lab6/radio_periph_lab-main/ip_repo/full_radio</xilinx:tag>
        <xilinx:tag xilinx:name="ui.data.coregen.df@51234898_ARCHIVE_LOCATION">c:/Users/212581463/work/labs_2021_2/lab6/radio_periph_lab-main/ip_repo/full_radio</xilinx:tag>
        <xilinx:tag xilinx:name="ui.data.coregen.df@446cb600_ARCHIVE_LOCATION">c:/Users/212581463/work/labs_2021_2/lab6/radio_periph_lab-main/ip_repo/full_radio</xilinx:tag>
        <xilinx:tag xilinx:name="ui.data.coregen.df@3ac4e050_ARCHIVE_LOCATION">c:/Users/212581463/work/labs_2021_2/lab6/radio_periph_lab-main/ip_repo/full_radio</xilinx:tag>
        <xilinx:tag xilinx:name="ui.data.coregen.df@5669bf0b_ARCHIVE_LOCATION">c:/Users/212581463/work/labs_2021_2/lab6/radio_periph_lab-main/ip_repo/full_radio</xilinx:tag>
        <xilinx:tag xilinx:name="ui.data.coregen.df@580994db_ARCHIVE_LOCATION">c:/Users/212581463/work/labs_2021_2/lab6/radio_periph_lab-main/ip_repo/full_radio</xilinx:tag>
        <xilinx:tag xilinx:name="ui.data.coregen.df@2b5eb773_ARCHIVE_LOCATION">c:/Users/212581463/work/labs_2021_2/lab6/radio_periph_lab-main/ip_repo/full_radio</xilinx:tag>
        <xilinx:tag xilinx:name="ui.data.coregen.df@59e8de3b_ARCHIVE_LOCATION">c:/Users/212581463/work/labs_2021_2/lab6/radio_periph_lab-main/ip_repo/full_radio</xilinx:tag>
        <xilinx:tag xilinx:name="ui.data.coregen.df@4315ccfb_ARCHIVE_LOCATION">c:/Users/212581463/work/labs_2021_2/lab6/radio_periph_lab-main/ip_repo/full_radio</xilinx:tag>
        <xilinx:tag xilinx:name="ui.data.coregen.df@15873328_ARCHIVE_LOCATION">c:/Users/212581463/work/labs_2021_2/lab6/radio_periph_lab-main/ip_repo/full_radio</xilinx:tag>
        <xilinx:tag xilinx:name="ui.data.coregen.df@47d863ec_ARCHIVE_LOCATION">c:/Users/212581463/work/labs_2021_2/lab6/radio_periph_lab-main/ip_repo/full_radio</xilinx:tag>
        <xilinx:tag xilinx:name="ui.data.coregen.df@71595de7_ARCHIVE_LOCATION">c:/Users/212581463/work/labs_2021_2/lab6/radio_periph_lab-main/ip_repo/full_radio</xilinx:tag>
        <xilinx:tag xilinx:name="ui.data.coregen.df@55411d83_ARCHIVE_LOCATION">c:/Users/212581463/work/labs_2021_2/lab6/radio_periph_lab-main/ip_repo/full_radio</xilinx:tag>
        <xilinx:tag xilinx:name="ui.data.coregen.df@308eaf97_ARCHIVE_LOCATION">c:/Users/212581463/work/labs_2021_2/lab6/radio_periph_lab-main/ip_repo/full_radio</xilinx:tag>
        <xilinx:tag xilinx:name="ui.data.coregen.df@61044522_ARCHIVE_LOCATION">c:/Users/212581463/work/labs_2021_2/lab6/radio_periph_lab-main/ip_repo/full_radio</xilinx:tag>
        <xilinx:tag xilinx:name="ui.data.coregen.df@ab33a9b_ARCHIVE_LOCATION">c:/Users/212581463/work/labs_2021_2/lab6/radio_periph_lab-main/ip_repo/full_radio</xilinx:tag>
        <xilinx:tag xilinx:name="ui.data.coregen.df@43d0787b_ARCHIVE_LOCATION">c:/Users/212581463/work/labs_2021_2/lab6/radio_periph_lab-main/ip_repo/full_radio</xilinx:tag>
        <xilinx:tag xilinx:name="ui.data.coregen.df@4cbe42e_ARCHIVE_LOCATION">c:/Users/212581463/work/labs_2021_2/lab6/radio_periph_lab-main/ip_repo/full_radio</xilinx:tag>
        <xilinx:tag xilinx:name="ui.data.coregen.df@4af0c95f_ARCHIVE_LOCATION">c:/Users/212581463/work/labs_2021_2/lab6/radio_periph_lab-main/ip_repo/full_radio</xilinx:tag>
        <xilinx:tag xilinx:name="ui.data.coregen.df@6d2edfbe_ARCHIVE_LOCATION">c:/Users/212581463/work/labs_2021_2/lab6/radio_periph_lab-main/ip_repo/full_radio</xilinx:tag>
        <xilinx:tag xilinx:name="ui.data.coregen.df@360951b6_ARCHIVE_LOCATION">c:/Users/212581463/work/labs_2021_2/lab6/radio_periph_lab-main/ip_repo/full_radio</xilinx:tag>
        <xilinx:tag xilinx:name="ui.data.coregen.df@764e3f93_ARCHIVE_LOCATION">c:/Users/212581463/work/labs_2021_2/lab6/radio_periph_lab-main/ip_repo/full_radio</xilinx:tag>
        <xilinx:tag xilinx:name="ui.data.coregen.df@56545544_ARCHIVE_LOCATION">c:/Users/212581463/work/labs_2021_2/lab6/radio_periph_lab-main/ip_repo/full_radio</xilinx:tag>
        <xilinx:tag xilinx:name="ui.data.coregen.df@3e2054f7_ARCHIVE_LOCATION">c:/Users/212581463/work/labs_2021_2/lab6/radio_periph_lab-main/ip_repo/full_radio</xilinx:tag>
        <xilinx:tag xilinx:name="ui.data.coregen.df@527051e2_ARCHIVE_LOCATION">c:/Users/212581463/work/labs_2021_2/lab6/radio_periph_lab-main/ip_repo/full_radio</xilinx:tag>
        <xilinx:tag xilinx:name="ui.data.coregen.df@4dfe4548_ARCHIVE_LOCATION">c:/Users/212581463/work/labs_2021_2/lab6/radio_periph_lab-main/ip_repo/full_radio</xilinx:tag>
        <xilinx:tag xilinx:name="ui.data.coregen.df@77129b38_ARCHIVE_LOCATION">c:/Users/212581463/work/labs_2021_2/lab6/radio_periph_lab-main/ip_repo/full_radio</xilinx:tag>
        <xilinx:tag xilinx:name="ui.data.coregen.df@637958ac_ARCHIVE_LOCATION">c:/Users/212581463/work/labs_2021_2/lab6/radio_periph_lab-main/ip_repo/full_radio</xilinx:tag>
        <xilinx:tag xilinx:name="ui.data.coregen.df@324b4219_ARCHIVE_LOCATION">c:/Users/212581463/work/labs_2021_2/lab6/radio_periph_lab-main/ip_repo/full_radio</xilinx:tag>
        <xilinx:tag xilinx:name="ui.data.coregen.df@530cd29f_ARCHIVE_LOCATION">c:/Users/212581463/work/labs_2021_2/lab6/radio_periph_lab-main/ip_repo/full_radio</xilinx:tag>
        <xilinx:tag xilinx:name="ui.data.coregen.df@5391be6_ARCHIVE_LOCATION">c:/Users/212581463/work/labs_2021_2/lab6/radio_periph_lab-main/ip_repo/full_radio</xilinx:tag>
        <xilinx:tag xilinx:name="ui.data.coregen.df@2fcfa92d_ARCHIVE_LOCATION">c:/Users/212581463/work/labs_2021_2/lab6/radio_periph_lab-main/ip_repo/full_radio</xilinx:tag>
        <xilinx:tag xilinx:name="ui.data.coregen.df@788901e7_ARCHIVE_LOCATION">c:/Users/212581463/work/labs_2021_2/lab6/radio_periph_lab-main/ip_repo/full_radio</xilinx:tag>
        <xilinx:tag xilinx:name="ui.data.coregen.df@7d615081_ARCHIVE_LOCATION">c:/Users/212581463/work/labs_2021_2/lab6/radio_periph_lab-main/ip_repo/full_radio</xilinx:tag>
        <xilinx:tag xilinx:name="ui.data.coregen.df@350ecb3f_ARCHIVE_LOCATION">c:/Users/212581463/work/labs_2021_2/lab6/radio_periph_lab-main/ip_repo/full_radio</xilinx:tag>
        <xilinx:tag xilinx:name="ui.data.coregen.df@3efd35b1_ARCHIVE_LOCATION">c:/Users/212581463/work/labs_2021_2/lab6/radio_periph_lab-main/ip_repo/full_radio</xilinx:tag>
        <xilinx:tag xilinx:name="ui.data.coregen.df@2ee85544_ARCHIVE_LOCATION">c:/Users/212581463/work/labs_2021_2/lab6/radio_periph_lab-main/ip_repo/full_radio</xilinx:tag>
        <xilinx:tag xilinx:name="ui.data.coregen.df@749980cf_ARCHIVE_LOCATION">c:/Users/212581463/work/labs_2021_2/lab6/radio_periph_lab-main/ip_repo/full_radio</xilinx:tag>
        <xilinx:tag xilinx:name="ui.data.coregen.df@516c0c3f_ARCHIVE_LOCATION">c:/Users/212581463/work/labs_2021_2/lab6/radio_periph_lab-main/ip_repo/full_radio</xilinx:tag>
        <xilinx:tag xilinx:name="ui.data.coregen.df@758090e8_ARCHIVE_LOCATION">c:/Users/212581463/work/labs_2021_2/lab6/radio_periph_lab-main/ip_repo/full_radio</xilinx:tag>
        <xilinx:tag xilinx:name="ui.data.coregen.df@d680146_ARCHIVE_LOCATION">c:/Users/212581463/work/labs_2021_2/lab6/radio_periph_lab-main/ip_repo/full_radio</xilinx:tag>
        <xilinx:tag xilinx:name="ui.data.coregen.df@5184162c_ARCHIVE_LOCATION">c:/Users/212581463/work/labs_2021_2/lab6/radio_periph_lab-main/ip_repo/full_radio</xilinx:tag>
        <xilinx:tag xilinx:name="ui.data.coregen.df@5ae1ad8b_ARCHIVE_LOCATION">c:/Users/212581463/work/labs_2021_2/lab6/radio_periph_lab-main/ip_repo/full_radio</xilinx:tag>
        <xilinx:tag xilinx:name="ui.data.coregen.df@140bea79_ARCHIVE_LOCATION">c:/Users/212581463/work/labs_2021_2/lab6/radio_periph_lab-main/ip_repo/full_radio</xilinx:tag>
        <xilinx:tag xilinx:name="ui.data.coregen.df@182248b1_ARCHIVE_LOCATION">c:/Users/212581463/work/labs_2021_2/lab6/radio_periph_lab-main/ip_repo/full_radio</xilinx:tag>
        <xilinx:tag xilinx:name="ui.data.coregen.df@5417ca6f_ARCHIVE_LOCATION">c:/Users/212581463/work/labs_2021_2/lab6/radio_periph_lab-main/ip_repo/full_radio</xilinx:tag>
        <xilinx:tag xilinx:name="ui.data.coregen.df@3483b4c9_ARCHIVE_LOCATION">c:/Users/212581463/work/labs_2021_2/lab6/radio_periph_lab-main/ip_repo/full_radio</xilinx:tag>
        <xilinx:tag xilinx:name="ui.data.coregen.df@7ff485f5_ARCHIVE_LOCATION">c:/Users/212581463/work/labs_2021_2/lab6/radio_periph_lab-main/ip_repo/full_radio</xilinx:tag>
        <xilinx:tag xilinx:name="ui.data.coregen.df@2e69d1ad_ARCHIVE_LOCATION">c:/Users/212581463/work/labs_2021_2/lab6/radio_periph_lab-main/ip_repo/full_radio</xilinx:tag>
        <xilinx:tag xilinx:name="ui.data.coregen.df@70719a6_ARCHIVE_LOCATION">c:/Users/212581463/work/labs_2021_2/lab6/radio_periph_lab-main/ip_repo/full_radio</xilinx:tag>
        <xilinx:tag xilinx:name="ui.data.coregen.df@77bc92b4_ARCHIVE_LOCATION">c:/Users/212581463/work/labs_2021_2/lab6/radio_periph_lab-main/ip_repo/full_radio</xilinx:tag>
        <xilinx:tag xilinx:name="ui.data.coregen.df@5c96dfea_ARCHIVE_LOCATION">c:/Users/212581463/work/labs_2021_2/lab6/radio_periph_lab-main/ip_repo/full_radio</xilinx:tag>
        <xilinx:tag xilinx:name="ui.data.coregen.df@597031c8_ARCHIVE_LOCATION">c:/Users/212581463/work/labs_2021_2/lab6/radio_periph_lab-main/ip_repo/full_radio</xilinx:tag>
        <xilinx:tag xilinx:name="ui.data.coregen.df@1691f30b_ARCHIVE_LOCATION">c:/Users/212581463/work/labs_2021_2/lab6/radio_periph_lab-main/ip_repo/full_radio</xilinx:tag>
        <xilinx:tag xilinx:name="ui.data.coregen.df@511f876e_ARCHIVE_LOCATION">c:/Users/212581463/work/labs_2021_2/lab6/radio_periph_lab-main/ip_repo/full_radio</xilinx:tag>
        <xilinx:tag xilinx:name="ui.data.coregen.df@30fa62cb_ARCHIVE_LOCATION">c:/Users/212581463/work/labs_2021_2/lab6/radio_periph_lab-main/ip_repo/full_radio</xilinx:tag>
        <xilinx:tag xilinx:name="ui.data.coregen.df@34cfbef3_ARCHIVE_LOCATION">c:/Users/212581463/work/labs_2021_2/lab6/radio_periph_lab-main/ip_repo/full_radio</xilinx:tag>
        <xilinx:tag xilinx:name="ui.data.coregen.df@5bd1cda2_ARCHIVE_LOCATION">c:/Users/212581463/work/labs_2021_2/lab6/radio_periph_lab-main/ip_repo/full_radio</xilinx:tag>
        <xilinx:tag xilinx:name="ui.data.coregen.df@55026115_ARCHIVE_LOCATION">c:/Users/212581463/work/labs_2021_2/lab6/radio_periph_lab-main/ip_repo/full_radio</xilinx:tag>
        <xilinx:tag xilinx:name="ui.data.coregen.df@59294a76_ARCHIVE_LOCATION">c:/Users/212581463/work/labs_2021_2/lab6/radio_periph_lab-main/ip_repo/full_radio</xilinx:tag>
        <xilinx:tag xilinx:name="ui.data.coregen.df@57f80349_ARCHIVE_LOCATION">c:/Users/212581463/work/labs_2021_2/lab6/radio_periph_lab-main/ip_repo/full_radio</xilinx:tag>
        <xilinx:tag xilinx:name="ui.data.coregen.df@c5f7ac2_ARCHIVE_LOCATION">c:/Users/212581463/work/labs_2021_2/lab6/radio_periph_lab-main/ip_repo/full_radio</xilinx:tag>
        <xilinx:tag xilinx:name="ui.data.coregen.df@2571799f_ARCHIVE_LOCATION">c:/Users/212581463/work/labs_2021_2/lab6/radio_periph_lab-main/ip_repo/full_radio</xilinx:tag>
        <xilinx:tag xilinx:name="ui.data.coregen.df@372d2866_ARCHIVE_LOCATION">c:/Users/212581463/work/labs_2021_2/lab6/radio_periph_lab-main/ip_repo/full_radio</xilinx:tag>
        <xilinx:tag xilinx:name="ui.data.coregen.df@72907f92_ARCHIVE_LOCATION">c:/Users/212581463/work/labs_2021_2/lab6/radio_periph_lab-main/ip_repo/full_radio</xilinx:tag>
        <xilinx:tag xilinx:name="ui.data.coregen.df@570c4547_ARCHIVE_LOCATION">c:/Users/212581463/work/labs_2021_2/lab6/radio_periph_lab-main/ip_repo/full_radio</xilinx:tag>
        <xilinx:tag xilinx:name="ui.data.coregen.df@34d7f39d_ARCHIVE_LOCATION">c:/Users/212581463/work/labs_2021_2/lab6/radio_periph_lab-main/ip_repo/full_radio</xilinx:tag>
        <xilinx:tag xilinx:name="ui.data.coregen.df@3b730e6f_ARCHIVE_LOCATION">c:/Users/212581463/work/labs_2021_2/lab6/radio_periph_lab-main/ip_repo/full_radio</xilinx:tag>
        <xilinx:tag xilinx:name="ui.data.coregen.df@4cf40d2c_ARCHIVE_LOCATION">c:/Users/212581463/work/labs_2021_2/lab6/radio_periph_lab-main/ip_repo/full_radio</xilinx:tag>
        <xilinx:tag xilinx:name="ui.data.coregen.df@71c2f0bf_ARCHIVE_LOCATION">c:/Users/212581463/work/labs_2021_2/lab6/radio_periph_lab-main/ip_repo/full_radio</xilinx:tag>
        <xilinx:tag xilinx:name="ui.data.coregen.df@263474b_ARCHIVE_LOCATION">c:/Users/212581463/work/labs_2021_2/lab6/radio_periph_lab-main/ip_repo/full_radio</xilinx:tag>
        <xilinx:tag xilinx:name="ui.data.coregen.df@5c8abf24_ARCHIVE_LOCATION">c:/Users/212581463/work/labs_2021_2/lab6/radio_periph_lab-main/ip_repo/full_radio</xilinx:tag>
        <xilinx:tag xilinx:name="ui.data.coregen.df@4b1e73ef_ARCHIVE_LOCATION">c:/Users/212581463/work/labs_2021_2/lab6/radio_periph_lab-main/ip_repo/full_radio</xilinx:tag>
        <xilinx:tag xilinx:name="ui.data.coregen.df@399c3e5d_ARCHIVE_LOCATION">c:/Users/212581463/work/labs_2021_2/lab6/radio_periph_lab-main/ip_repo/full_radio</xilinx:tag>
        <xilinx:tag xilinx:name="ui.data.coregen.df@2b01f6f9_ARCHIVE_LOCATION">c:/Users/212581463/work/labs_2021_2/lab6/radio_periph_lab-main/ip_repo/full_radio</xilinx:tag>
        <xilinx:tag xilinx:name="ui.data.coregen.df@428c8bf1_ARCHIVE_LOCATION">c:/Users/212581463/work/labs_2021_2/lab6/radio_periph_lab-main/ip_repo/full_radio</xilinx:tag>
        <xilinx:tag xilinx:name="ui.data.coregen.df@33a11b13_ARCHIVE_LOCATION">c:/Users/212581463/work/labs_2021_2/lab6/radio_periph_lab-main/ip_repo/full_radio</xilinx:tag>
        <xilinx:tag xilinx:name="ui.data.coregen.df@3e3c9eeb_ARCHIVE_LOCATION">c:/Users/212581463/work/labs_2021_2/lab6/radio_periph_lab-main/ip_repo/full_radio</xilinx:tag>
        <xilinx:tag xilinx:name="ui.data.coregen.df@3910b010_ARCHIVE_LOCATION">c:/Users/212581463/work/labs_2021_2/lab6/radio_periph_lab-main/ip_repo/full_radio</xilinx:tag>
        <xilinx:tag xilinx:name="ui.data.coregen.df@131623bf_ARCHIVE_LOCATION">c:/Users/212581463/work/labs_2021_2/lab6/radio_periph_lab-main/ip_repo/full_radio</xilinx:tag>
        <xilinx:tag xilinx:name="ui.data.coregen.df@65571b4d_ARCHIVE_LOCATION">c:/Users/212581463/work/labs_2021_2/lab6/radio_periph_lab-main/ip_repo/full_radio</xilinx:tag>
        <xilinx:tag xilinx:name="ui.data.coregen.df@5e5fd2ed_ARCHIVE_LOCATION">c:/Users/212581463/work/labs_2021_2/lab6/radio_periph_lab-main/ip_repo/full_radio</xilinx:tag>
        <xilinx:tag xilinx:name="ui.data.coregen.df@d9ade19_ARCHIVE_LOCATION">c:/Users/212581463/work/labs_2021_2/lab6/radio_periph_lab-main/ip_repo/full_radio</xilinx:tag>
        <xilinx:tag xilinx:name="ui.data.coregen.df@2c9449a2_ARCHIVE_LOCATION">c:/Users/212581463/work/labs_2021_2/lab6/radio_periph_lab-main/ip_repo/full_radio</xilinx:tag>
        <xilinx:tag xilinx:name="ui.data.coregen.df@6006764a_ARCHIVE_LOCATION">c:/Users/212581463/work/labs_2021_2/lab6/radio_periph_lab-main/ip_repo/full_radio</xilinx:tag>
        <xilinx:tag xilinx:name="ui.data.coregen.df@c383008_ARCHIVE_LOCATION">c:/Users/212581463/work/labs_2021_2/lab6/radio_periph_lab-main/ip_repo/full_radio</xilinx:tag>
        <xilinx:tag xilinx:name="ui.data.coregen.df@70509766_ARCHIVE_LOCATION">c:/Users/212581463/work/labs_2021_2/lab6/radio_periph_lab-main/ip_repo/full_radio</xilinx:tag>
        <xilinx:tag xilinx:name="ui.data.coregen.df@366bdcd0_ARCHIVE_LOCATION">c:/Users/212581463/work/labs_2021_2/lab6/radio_periph_lab-main/ip_repo/full_radio</xilinx:tag>
        <xilinx:tag xilinx:name="ui.data.coregen.df@39f5b25d_ARCHIVE_LOCATION">c:/Users/212581463/work/labs_2021_2/lab6/radio_periph_lab-main/ip_repo/full_radio</xilinx:tag>
        <xilinx:tag xilinx:name="ui.data.coregen.df@1b8d7a2e_ARCHIVE_LOCATION">c:/Users/212581463/work/labs_2021_2/lab6/radio_periph_lab-main/ip_repo/full_radio</xilinx:tag>
        <xilinx:tag xilinx:name="ui.data.coregen.df@3c2626dd_ARCHIVE_LOCATION">c:/Users/212581463/work/labs_2021_2/lab6/radio_periph_lab-main/ip_repo/full_radio</xilinx:tag>
        <xilinx:tag xilinx:name="ui.data.coregen.df@7537f319_ARCHIVE_LOCATION">c:/Users/212581463/work/labs_2021_2/lab6/radio_periph_lab-main/ip_repo/full_radio</xilinx:tag>
        <xilinx:tag xilinx:name="ui.data.coregen.df@203e1339_ARCHIVE_LOCATION">c:/Users/212581463/work/labs_2021_2/lab6/radio_periph_lab-main/ip_repo/full_radio</xilinx:tag>
        <xilinx:tag xilinx:name="ui.data.coregen.df@1b33b6a3_ARCHIVE_LOCATION">c:/Users/212581463/work/labs_2021_2/lab6/radio_periph_lab-main/ip_repo/full_radio</xilinx:tag>
        <xilinx:tag xilinx:name="ui.data.coregen.df@39586514_ARCHIVE_LOCATION">c:/Users/212581463/work/labs_2021_2/lab6/radio_periph_lab-main/ip_repo/full_radio</xilinx:tag>
        <xilinx:tag xilinx:name="ui.data.coregen.df@36f7230f_ARCHIVE_LOCATION">c:/Users/212581463/work/labs_2021_2/lab6/radio_periph_lab-main/ip_repo/full_radio</xilinx:tag>
        <xilinx:tag xilinx:name="ui.data.coregen.df@63506dd7_ARCHIVE_LOCATION">c:/Users/212581463/work/labs_2021_2/lab6/radio_periph_lab-main/ip_repo/full_radio</xilinx:tag>
        <xilinx:tag xilinx:name="ui.data.coregen.df@6ae9af59_ARCHIVE_LOCATION">c:/Users/212581463/work/labs_2021_2/lab6/radio_periph_lab-main/ip_repo/full_radio</xilinx:tag>
        <xilinx:tag xilinx:name="ui.data.coregen.df@1002c7_ARCHIVE_LOCATION">c:/Users/212581463/work/labs_2021_2/lab6/radio_periph_lab-main/ip_repo/full_radio</xilinx:tag>
        <xilinx:tag xilinx:name="ui.data.coregen.df@3b76786b_ARCHIVE_LOCATION">c:/Users/212581463/work/labs_2021_2/lab6/radio_periph_lab-main/ip_repo/full_radio</xilinx:tag>
        <xilinx:tag xilinx:name="ui.data.coregen.df@48d12659_ARCHIVE_LOCATION">c:/Users/212581463/work/labs_2021_2/lab6/radio_periph_lab-main/ip_repo/full_radio</xilinx:tag>
        <xilinx:tag xilinx:name="ui.data.coregen.df@15418fa5_ARCHIVE_LOCATION">c:/Users/212581463/work/labs_2021_2/lab6/radio_periph_lab-main/ip_repo/full_radio</xilinx:tag>
        <xilinx:tag xilinx:name="ui.data.coregen.df@22714e6e_ARCHIVE_LOCATION">c:/Users/212581463/work/labs_2021_2/lab6/radio_periph_lab-main/ip_repo/full_radio</xilinx:tag>
      </xilinx:tags>
    </xilinx:coreExtensions>
    <xilinx:packagingInfo>
      <xilinx:xilinxVersion>2021.2</xilinx:xilinxVersion>
      <xilinx:checksum xilinx:scope="busInterfaces" xilinx:value="5b355af0"/>
      <xilinx:checksum xilinx:scope="memoryMaps" xilinx:value="ed1368d5"/>
      <xilinx:checksum xilinx:scope="fileGroups" xilinx:value="d953ae1e"/>
      <xilinx:checksum xilinx:scope="ports" xilinx:value="d17f4143"/>
      <xilinx:checksum xilinx:scope="hdlParameters" xilinx:value="6992ea72"/>
      <xilinx:checksum xilinx:scope="parameters" xilinx:value="f9f3267b"/>
      <xilinx:targetDRCs>
        <xilinx:targetDRC xilinx:tool="ipi">
          <xilinx:targetDRCOption xilinx:name="ignore_freq_hz" xilinx:value="true"/>
        </xilinx:targetDRC>
      </xilinx:targetDRCs>
    </xilinx:packagingInfo>
  </spirit:vendorExtensions>
</spirit:component>
